"","word","sub","end_X","end_Y","respondTime","responseFlag"
"1","Happy",1,246.3125,241.1875,4.58169246598845,1
"2","Quiet",1,180.0859375,-129.703125,6.67958569998154,1
"3","Surprised",1,103.90234375,200.9453125,5.50977044203319,1
"4","Neutral",1,0.51171875,1.65625,3.50076478096889,1
"5","Relaxed",1,169.95703125,-149.0859375,4.65265688300133,1
"6","Aroused",1,70.25,205.5,6.2363971840241,1
"7","Satisfied",1,223.64453125,207.6953125,1.90776903799269,1
"8","Peppy",1,172.53125,155.515625,3.41123337001773,1
"9","Sluggish",1,-169.6171875,-190.0703125,2.67733185598627,1
"10","Calm",1,204.65234375,-112.7109375,4.36908034502994,1
"11","Afraid",1,-180.58984375,133.9921875,4.51064073696034,1
"12","Sleepy",1,0.81640625,-145.53125,6.73197196098045,1
"13","Sad",1,-243.92578125,-0.734375,5.5556434179889,1
"14","Enthusiastic",1,205.15625,215.2421875,3.60761579399696,1
"15","Disappointed",1,-233.265625,-3.83984375,5.19478149397764,1
"16","Angry",1,-222.546875,227.8203125,3.45617672498338,1
"17","Nervous",1,-194.203125,182.77734375,7.64199666696368,1
"18","Annoyed",1,-197.19140625,110.7890625,5.24755723000271,1
"19","Disgusted",1,-224.39453125,53.27734375,3.16352659801487,1
"20","Quiet",10,161.5234375,130.65625,3.8926667990163,1
"21","Relaxed",10,197.94140625,-150.8359375,5.4267504849704,1
"22","Sad",10,-151.046875,-164.96875,3.41458660794888,1
"23","Happy",10,141.0546875,151.359375,3.13315280806273,1
"24","Disappointed",10,-172.81640625,146.296875,3.13019942806568,1
"25","Surprised",10,160.69140625,118.7109375,3.85698315408081,1
"26","Disgusted",10,-129.125,-59.67578125,5.18226620007772,1
"27","Sluggish",10,-63.0390625,-34.21484375,7.67463331006002,1
"28","Sleepy",10,-0.0546875,-240.9921875,4.52132182603236,1
"29","Satisfied",10,157.08984375,27.58984375,5.61147496907506,1
"30","Afraid",10,-220.78515625,37.15625,4.84277011197992,1
"31","Aroused",10,120.3828125,222.0234375,4.57493525894824,1
"32","Annoyed",10,-80.21484375,199.171875,3.78926497197244,1
"33","Neutral",10,0.1796875,-1.51171875,3.86936624301597,1
"34","Peppy",10,-39.71875,45.046875,4.95203387003858,1
"35","Enthusiastic",10,224.3671875,204.1328125,3.72919346706476,1
"36","Calm",10,226.734375,12.19921875,6.09771713905502,1
"37","Nervous",10,-225.4921875,91.97265625,4.18645608809311,1
"38","Still",10,240.46484375,-243.515625,3.26943284203298,1
"39","Happy",11,236.484375,134.06640625,4.99790037190542,1
"40","Afraid",11,-220.60546875,161.37890625,3.46515569603071,1
"41","Still",11,0.73828125,-126.16796875,5.63008031598292,1
"42","Angry",11,-240.98046875,226.1640625,3.1380587000167,1
"43","Nervous",11,-58.93359375,194.00390625,5.67648193298373,1
"44","Disappointed",11,-248.953125,-170.90234375,6.68957182299346,1
"45","Enthusiastic",11,248.2734375,210.62890625,4.09502543893177,1
"46","Sleepy",11,-29.4140625,-245.7578125,4.972703233012,1
"47","Relaxed",11,228.05859375,-145.796875,4.54905512998812,1
"48","Satisfied",11,220.4921875,36.50390625,6.06655828992371,1
"49","Surprised",11,0.484375,208.42578125,4.12170351308305,1
"50","Annoyed",11,-190.3125,74.23828125,6.21654020191636,1
"51","Disgusted",11,-245.390625,12.80078125,6.88705689797644,1
"52","Neutral",11,1.296875,-3.3984375,2.72335616394412,1
"53","Aroused",11,1.38671875,243.96484375,3.80388681800105,1
"54","Quiet",11,24.828125,-141.48828125,4.78383838606533,1
"55","Calm",11,19.62109375,-188.234375,5.79223199293483,1
"56","Peppy",11,0.19921875,-2.0078125,7.42108969809487,1
"57","Sad",11,-220.4296875,-85.046875,4.42818430601619,1
"58","Sluggish",11,1.921875,-1.96875,7.68833502498455,1
"59","Relaxed",12,122.83203125,-137.46875,4.43206651999935,1
"60","Afraid",12,-150.72265625,181.09375,5.54240155200023,1
"61","Peppy",12,122.7890625,73.04296875,3.56272320600056,1
"62","Happy",12,147.28125,168.12109375,2.69411727199986,1
"63","Still",12,110.43359375,-215.2109375,5.02378713300004,1
"64","Enthusiastic",12,108.3828125,150.125,2.21995180900012,1
"65","Surprised",12,129.453125,136.1640625,2.73637795499963,1
"66","Annoyed",12,-129.14453125,111.39453125,2.19007159499961,1
"67","Satisfied",12,149.078125,-95.80078125,3.71288037600061,1
"68","Nervous",12,-132.12890625,179.71875,4.24379121200036,1
"69","Sad",12,-138.85546875,135,5.55201306199979,1
"70","Calm",12,144.65625,-148.734375,3.8411862009998,1
"71","Neutral",12,-0.0859375,0.53125,3.05155376099992,1
"72","Sleepy",12,119.96484375,-236.83203125,4.24989403299969,1
"73","Disappointed",12,-157.61328125,-37.53125,4.59302201500032,1
"74","Aroused",12,117.390625,224.14453125,4.70194230600009,1
"75","Sluggish",12,0.54296875,-204.7421875,5.07840041800046,1
"76","Disgusted",12,-193,117.91796875,6.51271205000012,1
"77","Angry",12,-166.54296875,198.05078125,3.96154276800007,1
"78","Neutral",13,-3.26171875,0.921875,3.42135926500123,1
"79","Still",13,-0.98828125,-0.0625,2.66472708199944,1
"80","Angry",13,-146.359375,140.20703125,3.83823798900266,1
"81","Aroused",13,0.18359375,246.54296875,2.76405824600079,1
"82","Sluggish",13,-16.109375,-238.07421875,2.80262128400136,1
"83","Enthusiastic",13,194.51171875,214.1796875,2.20029820499985,1
"84","Disappointed",13,-196.41796875,-189.05859375,3.05015325299973,1
"85","Afraid",13,-166.00390625,178.13671875,2.23124081299829,1
"86","Peppy",13,176.79296875,219.48828125,1.93249993499921,1
"87","Annoyed",13,-163.40234375,112.921875,2.57891585899779,1
"88","Satisfied",13,185.25390625,47.6875,2.59737571699952,1
"89","Nervous",13,-168.33984375,74.74609375,2.85269617300219,1
"90","Surprised",13,199.25,184.40234375,1.9848286460001,1
"91","Calm",13,209.8984375,-171.12890625,3.11213544600105,1
"92","Disgusted",13,-199.6640625,-73.23828125,2.33092108600249,1
"93","Quiet",13,-0.3203125,-1.83203125,2.81039778400009,1
"94","Happy",13,153.21484375,163.01171875,1.67388319800011,1
"95","Relaxed",13,218.28125,-193.3515625,3.03957723900021,1
"96","Sad",13,-188.10546875,-132.6953125,3.33443087900014,1
"97","Sleepy",13,1.0234375,-236.9140625,3.90544430699811,1
"98","Afraid",14,-228.95703125,-143.73046875,3.74444492199837,1
"99","Disappointed",14,-236.19921875,7.671875,4.79933540399725,1
"100","Sluggish",14,-108.609375,-234.984375,2.88819787800094,1
"101","Angry",14,-94.828125,240.3359375,2.62738816000274,1
"102","Peppy",14,-239.36328125,185.1640625,3.21772978599984,1
"103","Relaxed",14,136.6953125,-154.90625,3.15385646900177,1
"104","Surprised",14,5.37109375,245.53515625,3.1313349919983,1
"105","Still",14,-0.625,-235.734375,2.42870343100003,1
"106","Neutral",14,1.40234375,0.69921875,1.14204381699892,1
"107","Enthusiastic",14,180.43359375,181.26171875,2.09487214600085,1
"108","Aroused",14,42.7109375,247.48046875,3.43553061800048,1
"109","Sleepy",14,59.6328125,-232.8046875,2.99502666899934,1
"110","Happy",14,240.94921875,76.92578125,2.81959633499719,1
"111","Disgusted",14,-231.578125,123.359375,2.26046014199892,1
"112","Annoyed",14,-218.4453125,32.1875,3.94988534499862,1
"113","Quiet",14,17.88671875,-199.2109375,3.18082609599878,1
"114","Satisfied",14,129.63671875,1.57421875,1.68362897299812,1
"115","Calm",14,135.16796875,-80.2734375,4.15462278799896,1
"116","Sad",14,-209.140625,-70.56640625,3.55939253100223,1
"117","Nervous",14,-215.18359375,178.57421875,2.12185115300235,1
"118","Calm",15,177.22265625,-1.1328125,5.47586244100239,1
"119","Satisfied",15,142.171875,133.73828125,3.62475525099944,1
"120","Aroused",15,6.04296875,230.65625,3.31961197300188,1
"121","Sad",15,-208.77734375,-112.97265625,4.31423522499972,1
"122","Still",15,-0.0078125,-2.8359375,3.85820392199821,1
"123","Sleepy",15,-44.63671875,-244.9140625,3.98330510099913,1
"124","Surprised",15,192.82421875,227.671875,2.73612053100078,1
"125","Disgusted",15,-223.70703125,58.96484375,5.48726802199963,1
"126","Afraid",15,-224.0390625,197.20703125,6.58204567999928,1
"127","Angry",15,-220.87890625,216.0703125,2.90738075900299,1
"128","Sluggish",15,-230.96875,-241.29296875,3.06314564300192,1
"129","Enthusiastic",15,230.921875,226.9296875,2.01976079200176,1
"130","Nervous",15,-97.35546875,-14.97265625,4.15654599299887,1
"131","Relaxed",15,213.5,-236.66015625,6.78174861699881,1
"132","Happy",15,159.21484375,10.02734375,4.1695846420007,1
"133","Disappointed",15,-222.109375,-135.4921875,4.73848025600091,1
"134","Quiet",15,49.2578125,234.25,6.08834680799919,1
"135","Peppy",15,2.03515625,0.9921875,2.8464143659985,1
"136","Annoyed",15,-218.453125,188.2109375,1.49445099300283,1
"137","Neutral",15,1.7421875,-1.1484375,2.23116759299955,1
"138","Aroused",16,1.9140625,249.41015625,3.73620326499804,1
"139","Quiet",16,141.09765625,-250,4.08169549799641,1
"140","Disgusted",16,-250,121.4765625,3.15971300399542,1
"141","Nervous",16,-154.99609375,119.1171875,3.98863113999687,1
"142","Relaxed",16,250,-215,4.65267257900268,1
"143","Neutral",16,4.1015625,1.3984375,1.55872464700224,1
"144","Still",16,-90.08203125,-136.35546875,2.7773175159964,1
"145","Calm",16,116.0078125,-43.453125,4.04148038599669,1
"146","Happy",16,222.1875,153.46484375,2.88066608900408,1
"147","Peppy",16,142.875,-0.77734375,5.31855214200186,1
"148","Satisfied",16,152.09765625,22.765625,4.76252399499936,1
"149","Sluggish",16,-178.62890625,-171.578125,4.56933887299965,1
"150","Annoyed",16,-167.140625,102.140625,1.91116501799843,1
"151","Sad",16,-250,149.953125,3.13227273600205,1
"152","Enthusiastic",16,216.90625,250,2.44615215999511,1
"153","Afraid",16,-240,250,2.08265881399711,1
"154","Disappointed",16,-228.734375,-156.99609375,2.73562107700127,1
"155","Surprised",16,250,250,1.62374923199968,1
"156","Sleepy",16,-201,-250,1.79646660300205,1
"157","Angry",16,-250,250,2.65069253900583,1
"158","Quiet",17,0.671875,-0.86328125,4.99939453499974,1
"159","Disgusted",17,-32.890625,39.9609375,7.93954151800426,1
"160","Satisfied",17,25.7109375,62.609375,9.3039968890007,1
"161","Relaxed",17,-1.34765625,-0.4609375,2.78531632399972,1
"162","Aroused",17,16.5703125,57.63671875,3.91679038699658,1
"163","Afraid",17,-31.109375,98.640625,4.18565127799957,1
"164","Annoyed",17,-55.7421875,58.78515625,3.12931574899994,1
"165","Sluggish",17,-148.32421875,44.48828125,4.96798803099955,1
"166","Angry",17,-9.91796875,20.2421875,2.45628663899697,1
"167","Calm",17,118.1640625,52.44921875,5.74153001599916,1
"168","Nervous",17,1.37890625,101.73828125,5.94289297799696,1
"169","Sad",17,-46.9453125,22.3203125,5.10456726099801,1
"170","Enthusiastic",17,87.34375,23.6953125,2.62503701800597,1
"171","Sleepy",17,13.1328125,-34.9140625,4.86460264799825,1
"172","Neutral",17,35.94140625,-159.19921875,4.5170580740014,1
"173","Surprised",17,-12.4609375,72.203125,4.86123729499377,1
"174","Still",17,-0.8125,4.46484375,3.97720432200003,1
"175","Disappointed",17,-40.4453125,36.6640625,4.65540871600388,1
"176","Happy",17,84.51171875,3.16015625,5.39697163700475,1
"177","Annoyed",18,-227.03125,159.6953125,4.34832874800486,1
"178","Still",18,4.2578125,-169.51171875,3.55554236099852,1
"179","Nervous",18,-148.8984375,170.49609375,4.61235993399896,1
"180","Neutral",18,0.796875,-0.05859375,2.76916944700497,1
"181","Afraid",18,-196.3671875,107.0390625,4.54855284200312,1
"182","Surprised",18,78.44140625,152.953125,3.92363407700032,1
"183","Quiet",18,-0.20703125,-83.5859375,3.51966608500516,1
"184","Satisfied",18,159.0703125,-25.50390625,4.24492052300047,1
"185","Disappointed",18,-116.94140625,-64.55078125,5.42687042099715,1
"186","Disgusted",18,-198.609375,85.078125,4.84993821300304,1
"187","Calm",18,188.78125,-144.0390625,6.22642919600185,1
"188","Peppy",18,201.9609375,121.390625,3.58284181699855,1
"189","Sad",18,-173.578125,-90.1640625,5.64971489500022,1
"190","Angry",18,-206.88671875,184.33203125,3.96014703100082,1
"191","Sluggish",18,-84.015625,-208.046875,4.69693560799351,1
"192","Sleepy",18,-0.13671875,-191.70703125,4.25035237200063,1
"193","Enthusiastic",18,201.34765625,171.47265625,4.23626676199638,1
"194","Relaxed",18,221.3359375,-107.34765625,3.81676689100277,1
"195","Aroused",18,0.37890625,246.953125,4.85850405000383,1
"196","Happy",18,212.796875,115.40625,5.02911787099583,1
"197","Peppy",19,127.0390625,115.8828125,3.63211464100459,1
"198","Still",19,124.9609375,-147.19140625,3.29221854500065,1
"199","Happy",19,226.09375,154.38671875,3.31167573499988,1
"200","Neutral",19,-1.0546875,1.0546875,1.78946028799692,1
"201","Nervous",19,-240.80078125,186.703125,3.66788986300526,1
"202","Surprised",19,70.55859375,185.765625,4.32189464800467,1
"203","Angry",19,-216.203125,207.16796875,3.65174098400166,1
"204","Relaxed",19,207.09765625,-229.75390625,3.29228158100159,1
"205","Annoyed",19,-174.15625,-216.234375,3.60971402999712,1
"206","Satisfied",19,242.26171875,-65.3515625,3.13013990500622,1
"207","Aroused",19,215.19921875,242.37109375,3.94619895600044,1
"208","Quiet",19,250,-250,3.9477562289976,1
"209","Disgusted",19,-234.6015625,233.125,3.66284925299988,1
"210","Enthusiastic",19,128.796875,59.8203125,3.93295302600018,1
"211","Calm",19,126.5234375,-225.76953125,4.76979358199605,1
"212","Afraid",19,-177.94140625,106.5234375,3.80257749399607,1
"213","Disappointed",19,-186.30859375,-209.5078125,3.76007140999718,1
"214","Sad",19,-187.34375,-218.5,3.89308552900184,1
"215","Sluggish",19,-41.75,-217.84375,3.92574030099786,1
"216","Sleepy",19,0,-250,4.16381283899682,1
"217","Sleepy",2,-63.95703125,-248.89453125,4.52522770303767,1
"218","Neutral",2,0.67578125,1.4140625,3.24364897300256,1
"219","Disgusted",2,-137.203125,18.08984375,3.90939710201928,1
"220","Sad",2,-240.62890625,-163.3046875,4.66737686400302,1
"221","Nervous",2,-188.16015625,77.7265625,3.91671001398936,1
"222","Relaxed",2,243.2109375,-198.91796875,3.52281756495358,1
"223","Enthusiastic",2,121.84375,139.7890625,3.6204972009873,1
"224","Happy",2,249.46484375,43.4921875,2.93400800495874,1
"225","Surprised",2,0.32421875,174.04296875,3.59761249297298,1
"226","Calm",2,250,-91.6171875,5.74798042699695,1
"227","Angry",2,-140.96484375,136.546875,6.80972939601634,1
"228","Disappointed",2,-163.37890625,-28.7421875,3.29774903203361,1
"229","Peppy",2,115.234375,192.91015625,5.17468110797927,1
"230","Annoyed",2,-102.51953125,-0.53515625,3.46033922903007,1
"231","Afraid",2,-225.0703125,153.5703125,5.12886369001353,1
"232","Aroused",2,249.9921875,133.2890625,5.51220668299356,1
"233","Quiet",2,0.61328125,-123.0078125,7.97810920799384,1
"234","Sluggish",2,-44.390625,-230.01953125,4.62942985002883,1
"235","Satisfied",2,167.42578125,0.57421875,5.22535375104053,1
"236","Still",2,0.6328125,-63.21875,6.67103423300432,1
"237","Quiet",20,224.93359375,-63.09375,5.49599932799902,1
"238","Afraid",20,-197.703125,144.078125,5.23081542900036,1
"239","Happy",20,238.234375,238.40234375,2.99230877400259,1
"240","Satisfied",20,222.14453125,246.296875,2.64758364899899,1
"241","Neutral",20,-4.0234375,-0.11328125,2.40624996699626,1
"242","Disgusted",20,-237.4921875,29.265625,3.53559834100452,1
"243","Disappointed",20,-222.08984375,-81.20703125,4.23833300299884,1
"244","Sluggish",20,-161.26953125,-240.7421875,3.08082047700009,1
"245","Calm",20,86.9296875,-214.33984375,4.78832164100459,1
"246","Nervous",20,-229.375,239.90625,3.8203547430021,1
"247","Surprised",20,159.73828125,69.26953125,4.5691397979972,1
"248","Still",20,-2.65625,-170.9453125,5.14577279400692,1
"249","Aroused",20,43.74609375,235.00390625,4.81100143300137,1
"250","Sad",20,-215.046875,-219.828125,3.33409659100289,1
"251","Annoyed",20,-224.59375,238.61328125,4.14723970199702,1
"252","Peppy",20,143.56640625,227.05859375,6.4882331819972,1
"253","Enthusiastic",20,193.03515625,218.29296875,5.28566897599376,1
"254","Angry",20,-218.6015625,236.44921875,2.6155876979974,1
"255","Relaxed",20,108.5625,0.0859375,4.78494987500017,1
"256","Sleepy",20,-101,-250,6.42484092899394,1
"257","Afraid",21,-87.98828125,158.99609375,3.20642631199735,1
"258","Neutral",21,-1.078125,1.609375,1.74809605700284,1
"259","Happy",21,210.69140625,162.3671875,1.90664474200457,1
"260","Enthusiastic",21,186.7890625,211.18359375,1.94237860199792,1
"261","Calm",21,37.85546875,-192.37109375,2.53973631199915,1
"262","Still",21,-0.9140625,-0.51953125,2.71597293000377,1
"263","Nervous",21,-205.62109375,150.9140625,2.90618723900116,1
"264","Aroused",21,3.703125,210.5625,2.57649459700042,1
"265","Annoyed",21,-112.64453125,-184.04296875,2.70817828400322,1
"266","Sluggish",21,-156.34765625,-148.07421875,3.13654363299429,1
"267","Disgusted",21,-60.26953125,49.66015625,3.45814957699622,1
"268","Sad",21,-155.890625,-90.80859375,3.35996229299781,1
"269","Sleepy",21,-0.62890625,-220.54296875,2.19645849900553,1
"270","Angry",21,-218.265625,234.94921875,3.09134383600031,1
"271","Disappointed",21,-159.59765625,0.96484375,3.69903097600036,1
"272","Surprised",21,6.87890625,131.42578125,3.12532667200139,1
"273","Satisfied",21,103.84765625,-119.609375,3.03860701499798,1
"274","Peppy",21,-0.7734375,-4.73046875,4.26599655999598,1
"275","Relaxed",21,-3.41796875,-54.08984375,4.8592407670003,1
"276","Quiet",21,61.6953125,-89.9921875,2.60441757499939,1
"277","Aroused",22,234.15625,27.62890625,4.33125489999657,1
"278","Enthusiastic",22,224.65625,-226.79296875,2.95912470300391,1
"279","Afraid",22,-237.41015625,168.7421875,3.92404575500404,1
"280","Sluggish",22,-148.3046875,-244.0546875,3.41322089498863,1
"281","Peppy",22,159.640625,236.3046875,3.96660354800406,1
"282","Still",22,0.74609375,1.66796875,2.93791132900515,1
"283","Disgusted",22,-234.921875,189.70703125,3.61401876399759,1
"284","Nervous",22,-104.87109375,239.16796875,6.05938956000318,1
"285","Neutral",22,-0.55078125,0.03515625,2.15991798600589,1
"286","Sleepy",22,-52.12890625,-246.48046875,4.01175058800436,1
"287","Satisfied",22,229.484375,-232.796875,2.72171119200357,1
"288","Annoyed",22,-114.75390625,137.7265625,3.01665641499858,1
"289","Sad",22,-243.953125,-124.31640625,2.16086663299939,1
"290","Happy",22,217.55859375,88.0859375,2.46267396700568,1
"291","Angry",22,-181.0078125,190.27734375,2.16621982400829,1
"292","Quiet",22,-54.28125,-228.2578125,4.54593665400171,1
"293","Surprised",22,201.31640625,186.57421875,2.7265773669933,1
"294","Calm",22,226.3515625,-104.0703125,3.88004633798846,1
"295","Disappointed",22,-150.9296875,-2.68359375,3.48936961800791,1
"296","Relaxed",22,139.7109375,-3.8515625,2.27862287400058,1
"297","Calm",23,-3.14453125,1.8515625,2.74901627001236,1
"298","Angry",23,-116.5390625,111.8203125,1.96582218699041,1
"299","Surprised",23,126.9140625,105.37109375,1.22286840897868,1
"300","Disappointed",23,-131.34375,-109.78125,1.63487643198459,1
"301","Quiet",23,0.28515625,-71.390625,1.68561466399115,1
"302","Nervous",23,-31.31640625,104.03515625,2.58353205898311,1
"303","Relaxed",23,123.69921875,-179.16015625,2.25297869398491,1
"304","Satisfied",23,158.30859375,-28.609375,2.30108568098512,1
"305","Sleepy",23,0.40234375,-204.6875,2.2918264149921,1
"306","Sad",23,-236.046875,0.64453125,2.21292573399842,1
"307","Still",23,1.10546875,1,1.23979660001351,1
"308","Sluggish",23,-32.73046875,-235.80078125,2.25339831897873,1
"309","Neutral",23,-3.88671875,-4.75,1.16460542098503,1
"310","Happy",23,228.91015625,112.265625,2.37066917199991,1
"311","Disgusted",23,-222.65234375,91.48046875,1.33528287897934,1
"312","Peppy",23,219.26953125,163.90625,1.37341759999981,1
"313","Afraid",23,-220.31640625,222.6328125,1.56841857600375,1
"314","Aroused",23,50.85546875,161.46484375,3.53344001399819,1
"315","Annoyed",23,-91.859375,159.671875,1.36302893099491,1
"316","Enthusiastic",23,98.37890625,100.2265625,1.41800598200643,1
"317","Peppy",24,132.26171875,8.2734375,8.24313425598666,1
"318","Nervous",24,-142.53515625,193.359375,6.2832281269948,1
"319","Angry",24,-173.25,187.84375,5.12620753399096,1
"320","Disappointed",24,-164.71484375,0.0625,6.72353218798526,1
"321","Neutral",24,1.890625,-0.41796875,4.7643191810057,1
"322","Happy",24,162.80078125,102.6953125,3.01386259502033,1
"323","Relaxed",24,39.84375,-54.32421875,3.83416121700429,1
"324","Satisfied",24,216.03125,0.53125,5.18194417399354,1
"325","Sad",24,-150.3359375,-68.81640625,3.96738915200694,1
"326","Quiet",24,-67.33984375,-1.625,7.33985583699541,1
"327","Aroused",24,-0.4453125,192.97265625,9.74872268398758,1
"328","Afraid",24,-0.640625,195.75390625,8.2723287139961,1
"329","Sluggish",24,-46.984375,-97.3046875,5.40427572399494,1
"330","Enthusiastic",24,198.15234375,104.06640625,3.80302629200742,1
"331","Calm",24,65.34375,-172.59375,6.25308097997913,1
"332","Annoyed",24,-112.4296875,161.38671875,4.83657947098254,1
"333","Surprised",24,1.4140625,186.85546875,7.70854195198626,1
"334","Disgusted",24,-119.88671875,126.7734375,3.54814194398932,1
"335","Angry",25,-237.81640625,229.79296875,5.54279138197307,1
"336","Sad",25,-188.8125,-212.484375,4.02090013099951,1
"337","Relaxed",25,0.04296875,-246.8359375,5.202908665,1
"338","Disappointed",25,-66.1640625,-248.859375,3.93704386899481,1
"339","Enthusiastic",25,44.80078125,246.91796875,2.77239460701821,1
"340","Sleepy",25,0.046875,-250,2.42484588199295,1
"341","Happy",25,125.98046875,88.4609375,4.94059847199242,1
"342","Calm",25,20.828125,-246.37890625,3.29698089198791,1
"343","Neutral",25,-0.38671875,1.453125,2.23201406298904,1
"344","Afraid",25,-11.61328125,64.265625,5.56425460998435,1
"345","Satisfied",25,0.5234375,-0.5234375,3.22919447300956,1
"346","Sluggish",25,-0.0234375,-246.69140625,3.11074195598485,1
"347","Quiet",25,0.29296875,-195.55078125,4.37416625101469,1
"348","Surprised",25,-0.515625,176.6953125,4.33125199200003,1
"349","Peppy",25,80.859375,160.6640625,3.51372773299227,1
"350","Disgusted",25,-67.90234375,195.3671875,2.94793775497237,1
"351","Aroused",25,-0.64453125,232.1171875,4.44809481102857,1
"352","Nervous",25,-124.83203125,165.22265625,4.90107169898693,1
"353","Still",25,-0.00390625,1.5859375,2.50440179900033,1
"354","Annoyed",25,-18.88671875,202.515625,2.79622851600288,1
"355","Sad",26,-170.9609375,-118.12890625,2.31612644199049,1
"356","Sluggish",26,-115.76171875,-136.5859375,2.50851983000757,1
"357","Annoyed",26,-120.8046875,28.453125,3.16154954899685,1
"358","Surprised",26,161.10546875,219.3828125,2.14518482200219,1
"359","Neutral",26,-0.5078125,-0.2265625,2.29304330199375,1
"360","Angry",26,-212.5625,182.0703125,2.48993540400988,1
"361","Happy",26,206.14453125,169.046875,1.58777809899766,1
"362","Aroused",26,0,250,2.97695747399121,1
"363","Sleepy",26,2.328125,-248.2734375,3.05991844198434,1
"364","Still",26,-1.3125,-207.5625,2.78367891500238,1
"365","Satisfied",26,194.71484375,-49.640625,2.54613862300175,1
"366","Enthusiastic",26,93.76171875,47.46875,1.48512107602437,1
"367","Relaxed",26,173.234375,-226.9453125,4.22996747502475,1
"368","Disappointed",26,-165.0859375,-176.58203125,4.9308957690082,1
"369","Calm",26,144.4765625,-158.75,2.32557990498026,1
"370","Peppy",26,112.078125,166.5390625,5.30424616800155,1
"371","Disgusted",26,-192.02734375,106.46875,1.99812721501803,1
"372","Nervous",26,-70.60546875,225.12109375,3.97859136000625,1
"373","Quiet",26,-1.7734375,-205.75390625,4.51015654002549,1
"374","Afraid",26,-119.65234375,89.08984375,5.68962423998164,1
"375","Sluggish",27,-206.71484375,-100.5703125,3.36015297501581,1
"376","Still",27,0.96484375,-120.98046875,4.59497628000099,1
"377","Satisfied",27,209.8671875,33.71484375,4.11449559300672,1
"378","Surprised",27,95.62890625,217.44140625,4.08054714498576,1
"379","Calm",27,-2.234375,-2.4453125,2.94205979799153,1
"380","Peppy",27,115.6328125,39.73828125,6.06466385800741,1
"381","Disgusted",27,-139.296875,203.2578125,4.75653278897516,1
"382","Enthusiastic",27,184.53125,162.16015625,2.79721101300674,1
"383","Afraid",27,-195.69921875,210.09375,2.99868128300295,1
"384","Neutral",27,2.93359375,-0.27734375,2.46088382002199,1
"385","Sad",27,-175.48828125,-22.48046875,6.54814208298922,1
"386","Relaxed",27,193.40625,-32.078125,4.80503981601214,1
"387","Annoyed",27,-123.09375,47.3125,4.03994077499374,1
"388","Nervous",27,-40.37890625,154.37109375,3.78333853499498,1
"389","Sleepy",27,-1.4296875,-250,6.85744331698515,1
"390","Happy",27,220.984375,14.375,4.6155115700094,1
"391","Quiet",27,63.19140625,-2.28125,5.35034780600108,1
"392","Aroused",27,24.85546875,93.6953125,5.21577950700885,1
"393","Angry",27,-148.484375,109.8984375,5.64291977699031,1
"394","Disappointed",27,-153.69921875,-105.390625,4.9274946640071,1
"395","Disgusted",28,-218.01171875,42.23046875,3.78640289901523,1
"396","Nervous",28,-50.19921875,229.71484375,5.27820114299539,1
"397","Enthusiastic",28,214.37109375,99.9375,2.68085626099491,1
"398","Quiet",28,2.90234375,41.875,3.54720178601565,1
"399","Satisfied",28,32.5625,-60.3046875,3.52468062500702,1
"400","Angry",28,-137.140625,191.6640625,3.6440669609874,1
"401","Happy",28,154.3359375,81.84765625,2.8352989529958,1
"402","Surprised",28,16.76953125,164.93359375,5.10788182698889,1
"403","Disappointed",28,-79.30859375,-53.77734375,2.83335620901198,1
"404","Calm",28,73.5625,-71.3828125,4.38177295398782,1
"405","Sleepy",28,-0.1796875,-77.30078125,4.6541082149779,1
"406","Annoyed",28,-143.78125,105.33203125,4.15994949202286,1
"407","Sad",28,-196.16796875,-117.86328125,3.9918219599931,1
"408","Aroused",28,69.9921875,203.89453125,4.77242208502139,1
"409","Afraid",28,-190.90625,184.23046875,2.98349324299488,1
"410","Relaxed",28,174.76171875,-200.3515625,3.19994418200804,1
"411","Still",28,1.8125,-90.9140625,5.0806582570076,1
"412","Peppy",28,27.03515625,149.7265625,4.44848137401277,1
"413","Sluggish",28,-129.32421875,-129.1953125,3.66866147299879,1
"414","Neutral",28,0,0,3.54944538700511,1
"415","Neutral",29,-1.6875,-3.3125,3.33504651198746,1
"416","Angry",29,-244.7109375,164.76171875,4.44475291098934,1
"417","Still",29,-2.56640625,0.234375,2.97359762701672,1
"418","Sluggish",29,-203.73046875,-238.1796875,3.56562816002406,1
"419","Disgusted",29,-233.7109375,99.015625,4.92147225700319,1
"420","Afraid",29,-241.625,234.6171875,2.44444296098663,1
"421","Annoyed",29,-242.3125,46.79296875,5.1182226529927,1
"422","Satisfied",29,246.8984375,0.4296875,4.78355113597354,1
"423","Peppy",29,228.07421875,129.3125,2.8400133610121,1
"424","Relaxed",29,235.66796875,-144.6875,2.66810794800404,1
"425","Calm",29,234.4609375,-208.46484375,1.60254503099713,1
"426","Aroused",29,-4.25390625,230.75390625,2.5771513459913,1
"427","Sad",29,-159.83984375,-15.9296875,3.58008925800095,1
"428","Surprised",29,-48.390625,225.1875,2.48538857098902,1
"429","Sleepy",29,50.25,-243.640625,3.0650362780143,1
"430","Happy",29,230.42578125,175.26953125,2.5983873810037,1
"431","Nervous",29,-164.671875,216.71484375,2.34832221601391,1
"432","Disappointed",29,-210.03515625,-62,3.35576128499815,1
"433","Quiet",29,3.3125,1.0859375,2.18716912099626,1
"434","Enthusiastic",29,131.83203125,200.03515625,2.72287832800066,1
"435","Happy",3,241.9453125,173.00390625,6.26674458500929,1
"436","Neutral",3,-0.52734375,0.52734375,1.9479544290225,1
"437","Sluggish",3,-214.5234375,-201.2734375,3.84371654997813,1
"438","Disappointed",3,-175.47265625,-66.609375,4.52248120598961,1
"439","Aroused",3,-1.5,214.66796875,3.85904964798829,1
"440","Sleepy",3,-149.34375,-220.44140625,4.90907595999306,1
"441","Sad",3,-232.31640625,-238.80078125,3.19685630500317,1
"442","Disgusted",3,-184.47265625,181.26171875,3.70444710599259,1
"443","Calm",3,223.95703125,1.78515625,4.1630683579715,1
"444","Afraid",3,-236.55859375,232.77734375,3.48225728102261,1
"445","Surprised",3,-0.07421875,218.88671875,4.65217484300956,1
"446","Satisfied",3,217.68359375,113.90234375,4.41578441701131,1
"447","Angry",3,-227.94140625,207.00390625,2.36963842902333,1
"448","Enthusiastic",3,218.67578125,221.50390625,3.4523695440148,1
"449","Peppy",3,63.7890625,188.75,4.3323113329825,1
"450","Relaxed",3,218.5546875,-1.41015625,3.20590167900082,1
"451","Annoyed",3,-220.8828125,204.4765625,2.54830451699672,1
"452","Nervous",3,-229.6640625,107.69140625,2.86014229699504,1
"453","Quiet",3,-1.078125,0.0078125,3.15742628503358,1
"454","Still",3,0,0,2.39412682998227,1
"455","Disgusted",30,-119.08984375,93.234375,3.87448934401618,1
"456","Quiet",30,41.91015625,-73.1171875,5.11380001698853,1
"457","Afraid",30,-199.12890625,130.46484375,4.58225518401014,1
"458","Aroused",30,225.234375,229.15234375,7.71836615598295,1
"459","Surprised",30,248.5,240.71875,4.1259974190034,1
"460","Sad",30,-173.9296875,85.4140625,3.94785210600821,1
"461","Peppy",30,-74.70703125,-58.87109375,4.24504730798071,1
"462","Disappointed",30,-142.140625,-72.546875,2.53607184899738,1
"463","Sluggish",30,-214.0078125,-153.8125,2.42858884501038,1
"464","Relaxed",30,205.73828125,-169.55859375,3.46264269197127,1
"465","Angry",30,-174.2109375,185.3359375,2.2030272600241,1
"466","Satisfied",30,202.5,205.7890625,1.48585788503988,1
"467","Sleepy",30,249.3125,-244.8046875,6.48700538498815,1
"468","Nervous",30,-2.58203125,250,4.84469130000798,1
"469","Still",30,0.7109375,0.99609375,4.33280790498247,1
"470","Annoyed",30,-94.1796875,224.77734375,1.81586609000806,1
"471","Calm",30,146.7421875,-156.05078125,3.17696178500773,1
"472","Happy",30,231.38671875,12.15234375,3.33518605399877,1
"473","Neutral",30,-1.67578125,-0.6640625,2.63526910002111,1
"474","Angry",31,-250,164,4.01499274699017,1
"475","Still",31,250,-204.47265625,4.12642680900171,1
"476","Happy",31,250,205,4.32966292405035,1
"477","Relaxed",31,211,-250,4.63724918401567,1
"478","Surprised",31,0.71484375,249.37109375,5.33519393997267,1
"479","Annoyed",31,-250,87.3828125,3.65074529999401,1
"480","Disappointed",31,-250,-131,4.25251154298894,1
"481","Enthusiastic",31,250,237.4765625,4.28688542597229,1
"482","Peppy",31,250,108,3.46511850098614,1
"483","Satisfied",31,250,-69.47265625,3.77957281802082,1
"484","Quiet",31,-0.52734375,-250,6.5096892559668,1
"485","Neutral",31,-0.77734375,0.75390625,2.43519062799169,1
"486","Nervous",31,-122.4375,249.4765625,7.56214696698589,1
"487","Disgusted",31,-216.875,126.30078125,4.75911616999656,1
"488","Afraid",31,-203.62890625,226.5078125,4.46646990103181,1
"489","Aroused",31,-0.52734375,250,3.40014712599805,1
"490","Sad",31,-205.05078125,-202.5546875,3.00593004003167,1
"491","Calm",31,95,-250,5.23712618497666,1
"492","Sluggish",31,-151,-250,2.30451166600687,1
"493","Sleepy",31,0.5234375,-250,7.35081627796171,1
"494","Calm",32,128.93359375,-171.4140625,2.58845393697266,1
"495","Happy",32,232.2734375,21.02734375,2.39729343500221,1
"496","Satisfied",32,211.234375,144.89453125,2.11168722400907,1
"497","Sad",32,-226.2890625,6.57421875,2.50232112000231,1
"498","Disgusted",32,-214.984375,135.44140625,2.16091542301001,1
"499","Annoyed",32,-226.29296875,117.61328125,3.37382449297002,1
"500","Disappointed",32,-212.72265625,-147.32421875,2.38766979600769,1
"501","Surprised",32,197.1640625,192.6796875,1.48601839999901,1
"502","Afraid",32,-216.72265625,198.515625,2.15269323001849,1
"503","Relaxed",32,215.6640625,-195.3984375,1.82790807599667,1
"504","Quiet",32,207.96484375,-211.8046875,2.61975476396037,1
"505","Neutral",32,3.26953125,-3.16796875,1.72778241499327,1
"506","Enthusiastic",32,214.31640625,185.71875,1.51292266597738,1
"507","Still",32,-2.35546875,-0.6796875,4.37619253195589,1
"508","Peppy",32,187.234375,176.0078125,1.82384994503809,1
"509","Nervous",32,-231.47265625,113.59765625,2.63814178999746,1
"510","Aroused",32,1.08203125,241.625,2.96322864998365,1
"511","Sluggish",32,-188.40234375,-190.5,2.50311673397664,1
"512","Angry",32,-217.59765625,208.078125,2.70854722202057,1
"513","Sleepy",32,4.08984375,-221.6640625,3.69303828600096,1
"514","Sluggish",33,-83.58984375,-35.89453125,4.62193398096133,1
"515","Disappointed",33,-168.1328125,-21.09375,7.42723303800449,1
"516","Neutral",33,-0.40625,0.3046875,2.18595181097044,1
"517","Satisfied",33,164.8359375,22.98828125,7.54573169304058,1
"518","Enthusiastic",33,168.08984375,167.4921875,4.45378257700941,1
"519","Sad",33,-189.28125,-41.00390625,6.01436150399968,1
"520","Surprised",33,0.3828125,218.20703125,3.60750234604347,1
"521","Annoyed",33,-144.8125,61.77734375,5.5185592030175,1
"522","Disgusted",33,-243.71875,-52.46875,8.71042296499945,1
"523","Peppy",33,196.66015625,56.66015625,5.03347791399574,1
"524","Sleepy",33,-0.34765625,-217.03515625,3.25516948796576,1
"525","Angry",33,-222.50390625,95.21484375,3.93802800698904,1
"526","Relaxed",33,50.48046875,-199.63671875,4.14387259801151,1
"527","Aroused",33,1.625,228.56640625,3.52860157197574,1
"528","Afraid",33,-196.51953125,171.55859375,3.40022446896182,1
"529","Quiet",33,0.875,-172.96875,5.78614872798789,1
"530","Calm",33,75.78515625,-188.38671875,7.00554683199152,1
"531","Happy",33,214.23046875,53.4140625,2.59723953698995,1
"532","Still",33,-1.80078125,-181.80859375,3.08783761103405,1
"533","Nervous",33,-183.1015625,111.1640625,4.9115442080074,1
"534","Relaxed",34,110.20703125,-183.49609375,5.30416379298549,1
"535","Neutral",34,-1.41015625,-1.66015625,2.5731804529787,1
"536","Happy",34,26.171875,233.57421875,6.68419424496824,1
"537","Still",34,-55.01953125,-3.79296875,5.46670683397679,1
"538","Satisfied",34,229.66015625,-232.2578125,4.52666268800385,1
"539","Sluggish",34,-212.1796875,-193.796875,1.78982064704178,1
"540","Calm",34,69.1015625,-181.8359375,3.69576021697139,1
"541","Sleepy",34,-155.93359375,-151.81640625,1.50774900603574,1
"542","Peppy",34,-2.5859375,-0.84765625,1.99758549401304,1
"543","Enthusiastic",34,175.8203125,225.25390625,1.54808777704602,1
"544","Surprised",34,2.1328125,247.859375,3.82936625601724,1
"545","Annoyed",34,-204.8203125,140.6796875,2.51247118599713,1
"546","Afraid",34,-227.23046875,234.68359375,2.76956969097955,1
"547","Disgusted",34,-232.5546875,241.41796875,1.6150624040165,1
"548","Aroused",34,46.41796875,247.3359375,4.32018701202469,1
"549","Nervous",34,-218.2265625,243.21875,1.7713814220042,1
"550","Angry",34,-231.89453125,241.16796875,1.50403696601279,1
"551","Disappointed",34,-237.73828125,218.35546875,1.90196290297899,1
"552","Sad",34,-210.03125,221.84765625,1.10672763100592,1
"553","Quiet",34,226.85546875,-237.94140625,2.7761892019771,1
"554","Angry",35,-238.75,204.72265625,7.53488318098243,1
"555","Nervous",35,-249.41015625,247.3203125,8.11702920700191,1
"556","Happy",35,246.64453125,127.828125,5.3308872099733,1
"557","Annoyed",35,-161.69140625,83.078125,5.36324823304312,1
"558","Satisfied",35,223.01953125,184.5078125,5.99676653201459,1
"559","Surprised",35,-1.328125,195.87109375,7.43993554299232,1
"560","Calm",35,30.3046875,-31.39453125,5.57349899900146,1
"561","Sad",35,-231.85546875,-63.4921875,7.36055418301839,1
"562","Sluggish",35,-99.55078125,-131.75390625,6.93068597500678,1
"563","Afraid",35,-243.91015625,244.3125,4.82258644001558,1
"564","Relaxed",35,135.44921875,-26.140625,5.96475019899663,1
"565","Disgusted",35,-72.52734375,69.76953125,7.45244014798664,1
"566","Aroused",35,186.11328125,210.01953125,6.73762331495527,1
"567","Sleepy",35,-92.58203125,-173.73046875,8.27190094999969,1
"568","Neutral",35,-1.0546875,-0.5234375,1.97156801103847,1
"569","Peppy",35,85.82421875,157.8046875,6.22686970798532,1
"570","Disappointed",35,-247.58984375,-55.078125,9.42570629098918,1
"571","Still",35,-66.453125,-27.54296875,5.22900114901131,1
"572","Quiet",35,1.578125,-60.21875,7.03052643203409,1
"573","Enthusiastic",35,168.9609375,176.53515625,4.95679996296531,1
"574","Enthusiastic",36,72.53125,139.66796875,3.10100612702081,1
"575","Nervous",36,-135.73828125,38.9140625,8.4467475990532,1
"576","Happy",36,86.3828125,31.046875,4.51205763895996,1
"577","Afraid",36,-74.8671875,10.2265625,5.46246771799633,1
"578","Sad",36,-65.6328125,-90.55859375,3.69204425701173,1
"579","Disappointed",36,-31.91015625,-38.8125,2.26842149405275,1
"580","Calm",36,141.21875,-183.83984375,9.74104555300437,1
"581","Sleepy",36,-0.3984375,-92.30859375,7.13657945097657,1
"582","Angry",36,-212.328125,191.203125,2.8192665669485,1
"583","Aroused",36,-0.19921875,58.37109375,8.36118221795186,1
"584","Disgusted",36,-72.140625,42.828125,4.54477741400478,1
"585","Surprised",36,1.11328125,53.00390625,7.53917088697199,1
"586","Still",36,-0.6171875,-98.859375,5.85967679799069,1
"587","Peppy",36,-3.16015625,30.55078125,5.52611386397621,1
"588","Relaxed",36,131.17578125,-166.88671875,2.23803527699783,1
"589","Quiet",36,-0.640625,-110.48046875,8.91032765101409,1
"590","Annoyed",36,-79.7421875,27.63671875,3.49779242399381,1
"591","Satisfied",36,59.4375,-27.35546875,2.72788719803793,1
"592","Sluggish",36,-74.39453125,-120.33203125,2.87975597602781,1
"593","Neutral",36,0.9296875,0.40625,4.01974334398983,1
"594","Disgusted",37,246.98828125,-3.03515625,2.52974276902387,1
"595","Sad",37,-226.1875,-226.7734375,4.95531290298095,1
"596","Surprised",37,196.58203125,226.98046875,2.25250026199501,1
"597","Happy",37,240.0546875,90.80859375,5.23512832704,1
"598","Enthusiastic",37,246.59375,243,2.24165744503262,1
"599","Disappointed",37,-249.48828125,-88.19921875,4.50600136298453,1
"600","Sluggish",37,-233.46484375,-240.02734375,3.72627621202264,1
"601","Afraid",37,-250,103.953125,6.00027392199263,1
"602","Peppy",37,250,122,3.70562366698869,1
"603","Satisfied",37,139.89453125,51.203125,5.14305815903936,1
"604","Angry",37,-248.58203125,250,2.09674983797595,1
"605","Aroused",37,250,250,2.18506812199485,1
"606","Annoyed",37,-250,-44.14453125,4.18527215503855,1
"607","Calm",37,52.2890625,0.31640625,5.17994491598802,1
"608","Relaxed",37,-0.52734375,0,1.7142460399773,1
"609","Sleepy",37,0.46875,-169.12109375,5.17690485098865,1
"610","Still",37,1.046875,2.109375,1.94052271096734,1
"611","Neutral",37,0,0,1.25347686599707,1
"612","Quiet",37,-0.5625,-238.5546875,6.64962004200788,1
"613","Nervous",37,-128.13671875,117.203125,6.87796703999629,1
"614","Disgusted",38,-220.8828125,83.5234375,3.28786373999901,1
"615","Enthusiastic",38,204.78125,151.453125,2.1901688989019,1
"616","Surprised",38,0.06640625,146.60546875,3.40716732700821,1
"617","Quiet",38,2.27734375,-188.26171875,2.52037912595551,1
"618","Happy",38,230.31640625,53.13671875,3.42842912604101,1
"619","Neutral",38,0.2109375,0.0546875,1.86638130794745,1
"620","Relaxed",38,161.28125,-203.08984375,3.39377658895683,1
"621","Sluggish",38,-101.8046875,-145.78125,3.52161207201425,1
"622","Disappointed",38,-144.38671875,16.3828125,5.94569515693001,1
"623","Angry",38,-158.1796875,172.2109375,4.73216914897785,1
"624","Afraid",38,-199.828125,216.5625,5.55810818902683,1
"625","Annoyed",38,-220.31640625,57.921875,4.24727364699356,1
"626","Sad",38,-148.73046875,-84.25,1.97468972799834,1
"627","Satisfied",38,208.953125,-28.69140625,2.22122221905738,1
"628","Sleepy",38,-20.07421875,-245.75390625,3.39551100891549,1
"629","Aroused",38,115.96875,236.015625,3.72839189204387,1
"630","Peppy",38,222.67578125,120.89453125,2.47955131402705,1
"631","Calm",38,163.1953125,0.45703125,3.13868429593276,1
"632","Still",38,-41,-0.03515625,3.67787892697379,1
"633","Nervous",38,114.046875,-2.35546875,5.54741560295224,1
"634","Angry",39,-242.6171875,127.97265625,3.85228327207733,1
"635","Surprised",39,128.65234375,219.4140625,6.91781394800637,1
"636","Disgusted",39,-218.609375,216.29296875,4.96806938794907,1
"637","Enthusiastic",39,215.31640625,166.765625,2.08928784402087,1
"638","Relaxed",39,239.125,-197.8515625,3.36386034393217,1
"639","Annoyed",39,-201.5078125,174.0546875,3.79684524203185,1
"640","Disappointed",39,-224.55859375,-52.54296875,5.00339321303181,1
"641","Still",39,0.71875,-240.77734375,4.62408020498697,1
"642","Peppy",39,55.4609375,245.28125,4.29104905400891,1
"643","Sleepy",39,-25.69140625,-231.38671875,3.47122523607686,1
"644","Sluggish",39,-62.046875,-228.03125,5.92130562197417,1
"645","Sad",39,-250,0.52734375,3.67393486306537,1
"646","Afraid",39,-197.09765625,224.90625,3.88432343699969,1
"647","Aroused",39,-5.0859375,247.671875,1.93886545696296,1
"648","Nervous",39,-92,250,4.13286696001887,1
"649","Calm",39,48.18359375,-226.390625,5.1402094271034,1
"650","Quiet",39,1.34375,-213.57421875,4.07509552501142,1
"651","Happy",39,246.1640625,88.8125,4.5443793090526,1
"652","Neutral",39,-0.578125,-1.53515625,4.43726488703396,1
"653","Sluggish",4,-60.76171875,-224.5546875,8.05747714400059,1
"654","Peppy",4,105.4765625,127.55078125,6.14666381897405,1
"655","Annoyed",4,-135.875,44.62890625,5.28909552597906,1
"656","Neutral",4,-1.30078125,0.56640625,2.61452897498384,1
"657","Surprised",4,-1.30859375,144.2578125,5.47439536795719,1
"658","Sleepy",4,-1.19140625,-187.9921875,5.31690330902347,1
"659","Happy",4,183.87109375,9.4609375,6.12700350000523,1
"660","Calm",4,-0.44921875,-15.671875,4.99008041096386,1
"661","Disappointed",4,-117.68359375,23.3984375,4.311658333987,1
"662","Quiet",4,-0.02734375,2.9140625,4.45216909196461,1
"663","Still",4,62.5078125,1.06640625,3.41453637200175,1
"664","Enthusiastic",4,47.93359375,54.28125,4.28888961102348,1
"665","Nervous",4,-71.39453125,52.921875,3.25102915195748,1
"666","Sad",4,-162.7578125,-12.12890625,4.08095096697798,1
"667","Afraid",4,-188.42578125,148.44140625,3.84849550400395,1
"668","Angry",4,-246.3359375,1,5.80591498699505,1
"669","Aroused",4,2.51953125,183.80859375,3.26434360997519,1
"670","Satisfied",4,212.23828125,-0.84375,4.21688153705327,1
"671","Relaxed",4,28.2578125,-27.21875,5.35728742502397,1
"672","Disgusted",4,-239.31640625,1.8984375,5.80008225300116,1
"673","Sleepy",40,-0.78125,-247.8828125,6.07947670191061,1
"674","Sad",40,-138.46875,110.78125,3.91141505900305,1
"675","Peppy",40,35.0625,208.046875,4.57763211301062,1
"676","Aroused",40,177.5234375,250,3.55641808710061,1
"677","Disgusted",40,-190.58203125,250,5.3842915399,1
"678","Relaxed",40,209.33984375,-199.765625,4.89641419693362,1
"679","Enthusiastic",40,118.140625,116.5,1.78936202696059,1
"680","Still",40,-0.265625,-0.33984375,2.45819659507833,1
"681","Angry",40,-107.01953125,138.5390625,3.65013905894011,1
"682","Sluggish",40,-66.75,-216.34765625,4.40419271902647,1
"683","Satisfied",40,156.140625,-3.2890625,4.08891640300862,1
"684","Annoyed",40,-159.5078125,39.71484375,3.08153849106748,1
"685","Happy",40,172.109375,137.77734375,1.76697244797833,1
"686","Neutral",40,-1.47265625,-0.27734375,2.08681597106624,1
"687","Afraid",40,-250,250,2.81974515400361,1
"688","Calm",40,206.4296875,-222.01953125,3.82409450691193,1
"689","Surprised",40,91.046875,248.953125,1.78788145806175,1
"690","Nervous",40,-110,250,6.67303668800741,1
"691","Disappointed",40,-195.42578125,15.80078125,8.48878808901645,1
"692","Quiet",40,1.38671875,-234.09375,4.39316612191033,1
"693","Annoyed",41,-218.03515625,74.703125,8.76213966199998,1
"694","Peppy",41,207.609375,204.953125,5.00765752100006,1
"695","Surprised",41,234.859375,31.01171875,4.002311824,1
"696","Satisfied",41,230.71875,-185.01953125,4.39014725499999,1
"697","Calm",41,68.43359375,-212.53515625,5.82048891099998,1
"698","Disappointed",41,-216.81640625,64.38671875,4.01593946700007,1
"699","Sleepy",41,-77.21875,-241.9375,4.90345677800008,1
"700","Enthusiastic",41,178.03125,193.1015625,4.86270985499993,1
"701","Aroused",41,69.58203125,236.57421875,5.12822739500007,1
"702","Afraid",41,-144.6171875,230.00390625,6.05584893899993,1
"703","Disgusted",41,-234.6875,162.72265625,4.64107676500009,1
"704","Still",41,-35.24609375,-240.59765625,4.35441346300001,1
"705","Happy",41,239.09765625,85.6640625,4.74772918100007,1
"706","Nervous",41,-65.18359375,188.54296875,5.101365407,1
"707","Sluggish",41,-145.96875,-218.6484375,2.92812357299999,1
"708","Relaxed",41,121.5,-222.328125,5.940854446,1
"709","Quiet",41,-9.73046875,-233.609375,4.79385119699998,1
"710","Angry",41,-224.15625,223.13671875,4.21139654599995,1
"711","Neutral",41,-1.37890625,-0.203125,2.55929337099997,1
"712","Relaxed",42,81.6875,-161.35546875,6.51637082799971,1
"713","Sluggish",42,-27.328125,-191.58984375,4.16359482999997,1
"714","Angry",42,-136.53125,200.81640625,3.54137780599922,1
"715","Quiet",42,-9.7421875,-189.26171875,5.40072602199962,1
"716","Aroused",42,9.6796875,237.546875,2.99028492799971,1
"717","Sad",42,-177.50390625,-152.703125,7.79242173200055,1
"718","Satisfied",42,1.03515625,1.328125,4.41143795100015,1
"719","Peppy",42,142.6171875,139.703125,4.41167220999978,1
"720","Disgusted",42,-133.453125,169.3203125,6.64762431899999,1
"721","Surprised",42,86.0234375,203.5078125,7.41985821400067,1
"722","Annoyed",42,-177.609375,-0.86328125,5.30198891599957,1
"723","Calm",42,-2.2109375,-203.15234375,4.3744316329994,1
"724","Still",42,0.36328125,0.4609375,3.33194357799948,1
"725","Afraid",42,-131.15625,178.5859375,5.54539687999932,1
"726","Enthusiastic",42,155.5546875,178.85546875,3.15930963500068,1
"727","Sleepy",42,-0.48828125,-202.72265625,3.3258451089996,1
"728","Neutral",42,-0.5546875,0.8671875,2.22610179000003,1
"729","Disappointed",42,-129.24609375,-48.234375,4.53004324199992,1
"730","Happy",42,128.2109375,135.15234375,2.94677125499948,1
"731","Neutral",43,1.80078125,0.15625,2.32742910300112,1
"732","Aroused",43,-0.65234375,216.26171875,3.96748282599947,1
"733","Annoyed",43,-140.09375,-43.76171875,4.78422087500076,1
"734","Disgusted",43,-147.96875,40.4296875,3.10939306200089,1
"735","Sleepy",43,-0.28125,-219.96875,3.84709712199947,1
"736","Surprised",43,-0.39453125,190.40234375,2.85031870700004,1
"737","Calm",43,63.50390625,-200.97265625,5.10190534899994,1
"738","Satisfied",43,176.25,-100.65625,3.96250475899978,1
"739","Nervous",43,-29.39453125,136.0546875,7.19308456200088,1
"740","Enthusiastic",43,62.3359375,147.859375,2.98589223999988,1
"741","Afraid",43,-27.4921875,39.77734375,6.07999558200027,1
"742","Relaxed",43,71.328125,-48.1953125,3.54084600100032,1
"743","Disappointed",43,-214.23828125,-143.56640625,4.35776116300076,1
"744","Angry",43,-107.109375,167.65234375,4.61319014600122,1
"745","Happy",43,129.828125,127.859375,2.20387008599937,1
"746","Still",43,-0.52734375,0,1.87527900500027,1
"747","Quiet",43,0,0,1.79485066599955,1
"748","Sluggish",43,0,0,1.41878150199955,1
"749","Sad",43,-101.02734375,-148.91796875,4.78275118000056,1
"750","Peppy",43,124.515625,121.23828125,3.67420576299992,1
"751","Afraid",44,-210.34375,104.1796875,6.19353229999979,1
"752","Disappointed",44,-189.578125,-106.1796875,6.62830545299948,1
"753","Happy",44,179.91015625,183.7109375,3.0553641940005,1
"754","Peppy",44,201.0234375,216.07421875,4.61188357600076,1
"755","Annoyed",44,-185.59765625,145.91015625,5.15018818600038,1
"756","Neutral",44,27.640625,-3.3125,8.19540602099914,1
"757","Sleepy",44,-245.58203125,-250,4.23991139400096,1
"758","Calm",44,162.64453125,-200.08984375,8.7986683830004,1
"759","Quiet",44,204.94921875,-225.25390625,6.98470577199987,1
"760","Aroused",44,43.91015625,238.3203125,6.241644583999,1
"761","Satisfied",44,229.48046875,-4.23046875,5.11322465800004,1
"762","Nervous",44,-211.71484375,199.11328125,3.84770937100075,1
"763","Surprised",44,-2.25390625,161.89453125,3.50522182399982,1
"764","Disgusted",44,-206.85546875,-3.73046875,6.95799976199851,1
"765","Still",44,1.34765625,-221.26171875,7.7046057080006,1
"766","Relaxed",44,198.3125,-131.94140625,5.09998084600011,1
"767","Angry",44,-175.26171875,185.85546875,2.40401660899988,1
"768","Enthusiastic",44,197.4765625,169.17578125,2.12102220399902,1
"769","Sad",44,-191.71875,-205.56640625,5.96592491999945,1
"770","Sluggish",44,-202.4921875,-205.0703125,3.31672217900086,1
"771","Nervous",45,-173.25390625,145.73046875,6.33185493600104,1
"772","Enthusiastic",45,218.0390625,245.9921875,3.92517876800048,1
"773","Surprised",45,-0.4765625,250,4.25357750600233,1
"774","Afraid",45,-223.58984375,-168.66015625,2.90213573000074,1
"775","Neutral",45,-0.53515625,1.60546875,1.58724158800032,1
"776","Quiet",45,0,-250,7.98725219999687,1
"777","Still",45,-1,-250,3.8112097910016,1
"778","Disappointed",45,-127.08203125,-4.5,6.61349797500225,1
"779","Annoyed",45,-160.51171875,-27.29296875,2.81195448799917,1
"780","Aroused",45,84.5703125,250,4.71714495199922,1
"781","Angry",45,-233.9765625,212.828125,5.82317241000055,1
"782","Disgusted",45,-59.19140625,249.4765625,5.13621846100068,1
"783","Satisfied",45,178,-250,3.38013303999833,1
"784","Peppy",45,26.71484375,35.49609375,2.04779026699907,1
"785","Calm",45,180.92578125,-179.75390625,3.59959904900097,1
"786","Sad",45,-149.06640625,-121.07421875,5.79870470099922,1
"787","Happy",45,122.8203125,120.671875,1.69972469099957,1
"788","Relaxed",45,102,-250,3.435811405001,1
"789","Sluggish",45,-48,-250,4.55429575100061,1
"790","Sleepy",45,-56,-250,2.19987046700044,1
"791","Surprised",46,-0.75390625,237.9609375,5.05811683199863,1
"792","Disgusted",46,-211.14453125,29.23046875,5.8125172670043,1
"793","Sluggish",46,-41.05859375,-238.15234375,4.89140260899876,1
"794","Relaxed",46,147.76171875,-241.71484375,5.13905486300064,1
"795","Nervous",46,-93.94921875,206.7578125,4.39991721600381,1
"796","Satisfied",46,207.25,-70.0546875,6.53801421899698,1
"797","Happy",46,227.38671875,43.6875,6.09833824800444,1
"798","Afraid",46,-228.2109375,227.48046875,4.16887114800193,1
"799","Sad",46,-207.15625,-76.53125,5.12549008699716,1
"800","Sleepy",46,-0.94140625,-249.62109375,4.63154280899471,1
"801","Quiet",46,15.5,-236.421875,4.71068893100164,1
"802","Peppy",46,154.46875,47.8046875,5.23130944400327,1
"803","Aroused",46,-3.33984375,243.890625,2.22459547900507,1
"804","Annoyed",46,-123.8671875,161.9765625,3.50181785500172,1
"805","Calm",46,172.44921875,-103.203125,3.12264668100397,1
"806","Disappointed",46,-200.10546875,-0.42578125,3.67874758299877,1
"807","Still",46,101.5859375,-75.8984375,8.50066920799873,1
"808","Angry",46,-194.6640625,213.921875,4.39196251899557,1
"809","Neutral",46,-2.1484375,-1.484375,1.80096803099877,1
"810","Neutral",47,0.0234375,4.5390625,3.2800162610074,1
"811","Sleepy",47,-98.17578125,-249.1015625,5.22735021600965,1
"812","Disgusted",47,-162.76171875,81.32421875,3.34576899101376,1
"813","Enthusiastic",47,207.71875,230.44921875,2.21247348099132,1
"814","Quiet",47,-3.72265625,1.36328125,4.79462163397693,1
"815","Afraid",47,-178.35546875,117.21875,3.09277936001308,1
"816","Surprised",47,20.5,86.7890625,3.37747027599835,1
"817","Relaxed",47,134.37109375,-88.8203125,4.12472280301154,1
"818","Nervous",47,-31.6484375,33.6484375,4.55793687098776,1
"819","Still",47,-1.1171875,1.625,4.04286514900741,1
"820","Sluggish",47,-208.87890625,-232.55859375,3.86592557202675,1
"821","Satisfied",47,36.25,53.03125,5.97299774398562,1
"822","Aroused",47,2.82421875,168.5078125,2.98384125099983,1
"823","Disappointed",47,-23.43359375,-43.10546875,3.31455556899891,1
"824","Calm",47,26.703125,6.38671875,4.79842560400721,1
"825","Angry",47,-193.23046875,163.28515625,7.00181641499512,1
"826","Peppy",47,219.19140625,66.0625,2.85395625300589,1
"827","Annoyed",47,-71.921875,-32.80078125,4.15203431900591,1
"828","Sad",47,-69.51171875,-200.7421875,3.54512485998566,1
"829","Happy",47,41.58203125,77.08984375,2.82540932099801,1
"830","Calm",48,152.140625,54.38671875,6.65050952500314,1
"831","Afraid",48,-180.78515625,229.76953125,4.3487466610095,1
"832","Still",48,0.26171875,-1.625,3.95772338600364,1
"833","Sleepy",48,28.796875,-183.3671875,6.18943173301523,1
"834","Neutral",48,-0.69921875,-0.63671875,3.3717096990149,1
"835","Surprised",48,197.30078125,220.71875,4.19452689998434,1
"836","Happy",48,242.0390625,232.796875,3.18986673202016,1
"837","Quiet",48,95.1953125,-111.078125,5.69704760299646,1
"838","Enthusiastic",48,144.87109375,154.19921875,4.60958811000455,1
"839","Disgusted",48,-187.39453125,185.53125,3.96222260198556,1
"840","Sad",48,-216.75,-33.30078125,4.56070874500438,1
"841","Sluggish",48,-183.6953125,-180.40625,2.78380067399121,1
"842","Relaxed",48,166.45703125,-115.52734375,3.45716123498278,1
"843","Annoyed",48,-97.73046875,97.94921875,2.38679883800796,1
"844","Disappointed",48,-177.41796875,-47.82421875,2.45657309697708,1
"845","Angry",48,-195.35546875,152.15234375,1.69782337499782,1
"846","Peppy",48,149.02734375,162.8984375,2.38357402099064,1
"847","Nervous",48,-152.33984375,140.6484375,1.92080630001146,1
"848","Satisfied",48,99.78125,-31.78125,3.00383250901359,1
"849","Aroused",48,-2,250,5.12922636800795,1
"850","Happy",49,152.953125,180.4375,4.14456729497761,1
"851","Disgusted",49,-29.9296875,-226.84765625,4.57091421302175,1
"852","Relaxed",49,198.71875,-219.23828125,5.62443004996749,1
"853","Sluggish",49,-44.5703125,-210.4609375,4.98741103196517,1
"854","Peppy",49,171.5078125,151.8203125,3.83705039997585,1
"855","Angry",49,-224.6875,220.109375,2.66141793702263,1
"856","Satisfied",49,202.11328125,25.18359375,2.57317076105392,1
"857","Annoyed",49,-170.31640625,22.3828125,4.2532506089774,1
"858","Neutral",49,-2.03125,0.18359375,1.79764408798655,1
"859","Calm",49,141.734375,-185.46484375,3.90215068100952,1
"860","Still",49,25.19140625,-233.95703125,5.03226612298749,1
"861","Aroused",49,1.44140625,245.2578125,3.675702758017,1
"862","Disappointed",49,-221.875,130.41015625,5.42215506499633,1
"863","Quiet",49,0.4296875,1.5078125,2.13786271697609,1
"864","Enthusiastic",49,124.28125,135,2.13312395301182,1
"865","Nervous",49,-74.7734375,198.73828125,5.77615897002397,1
"866","Surprised",49,120.578125,120.8359375,1.70660441700602,1
"867","Sleepy",49,-97.62109375,-154.70703125,5.22266622603638,1
"868","Relaxed",5,-0.2578125,-130.24609375,6.41532292199554,1
"869","Satisfied",5,178.3515625,-0.43359375,5.98282410402317,1
"870","Disgusted",5,-147.171875,-83.63671875,5.32938412099611,1
"871","Enthusiastic",5,211.83984375,207.62109375,3.49257221398875,1
"872","Sad",5,-186.3515625,-195.88671875,2.59290497400798,1
"873","Surprised",5,-1.91015625,178.0234375,7.83910303999437,1
"874","Quiet",5,-0.875,-148.296875,5.1822417450021,1
"875","Neutral",5,-1.12890625,0.87890625,1.69917286501732,1
"876","Nervous",5,-136.6875,129.0390625,8.20629043399822,1
"877","Annoyed",5,-89.49609375,78.6640625,4.25731392897433,1
"878","Calm",5,129.94140625,-91.3125,4.96094232401811,1
"879","Sluggish",5,-41.5546875,-181.64453125,4.94896360801067,1
"880","Happy",5,197.56640625,156.01171875,3.27678895904683,1
"881","Disappointed",5,-141.55078125,-135.29296875,3.88005208398681,1
"882","Peppy",5,238.70703125,232.234375,2.92929890099913,1
"883","Afraid",5,-73.53125,135.9296875,6.94822502799798,1
"884","Sleepy",5,-0.1171875,-214.140625,3.6970118629979,1
"885","Angry",5,-208.90234375,211.2890625,3.57429008599138,1
"886","Aroused",5,0.52734375,243.7265625,4.59349745500367,1
"887","Still",5,0.18359375,-107.96484375,8.75042692100396,1
"888","Angry",50,-204.3828125,104.16796875,5.05956959503237,1
"889","Neutral",50,-0.27734375,-2.14453125,3.96459922299255,1
"890","Sluggish",50,-66.94921875,-53.4765625,4.07482667197473,1
"891","Happy",50,148.828125,128.5234375,1.84796559892129,1
"892","Enthusiastic",50,162.91796875,152.68359375,1.54172170790844,1
"893","Quiet",50,79.49609375,-36.1875,5.49371422210243,1
"894","Calm",50,67.40625,-1.515625,4.85880351800006,1
"895","Aroused",50,0.9453125,179.9140625,4.27120183501393,1
"896","Afraid",50,-129.328125,177.8984375,3.96391194302123,1
"897","Peppy",50,124.16015625,156.09375,1.7862906109076,1
"898","Sad",50,-158.671875,-123.703125,2.31592270091642,1
"899","Relaxed",50,198.6953125,-162.28515625,2.06912229303271,1
"900","Surprised",50,26.0703125,209.75,3.97592160908971,1
"901","Disgusted",50,-154.40625,194.3046875,2.4189852719428,1
"902","Annoyed",50,-103.66796875,181.96484375,1.7800773170311,1
"903","Still",50,3.08984375,0.35546875,2.48647153400816,1
"904","Sleepy",50,-0.1640625,-166.01953125,4.89909495797474,1
"905","Nervous",50,-56.6796875,79.1640625,3.62150495906826,1
"906","Disappointed",50,-103.4921875,-103.06640625,2.38421682699118,1
"907","Satisfied",50,223.3125,-3.8828125,5.68361621396616,1
"908","Satisfied",51,225.70703125,197.73046875,5.30481614614837,1
"909","Calm",51,103.328125,-218.37890625,4.41233174898662,1
"910","Sluggish",51,-229,-250,5.35278891399503,1
"911","Disappointed",51,-210.046875,172.19140625,5.25489438790828,1
"912","Nervous",51,0.9140625,234.296875,4.98113370011561,1
"913","Surprised",51,1.03515625,234.4140625,4.22299193311483,1
"914","Still",51,85.4140625,-198.41796875,5.85122377099469,1
"915","Quiet",51,-0.52734375,-198.0546875,3.21287260414101,1
"916","Relaxed",51,-0.41015625,-205.9765625,2.81768230721354,1
"917","Afraid",51,-178.28125,215.65234375,8.36705968622118,1
"918","Happy",51,250,75,4.23157421592623,1
"919","Sad",51,-250,52.58203125,2.64811880886555,1
"920","Aroused",51,-3.52734375,250,2.27552161295898,1
"921","Sleepy",51,-2,-250,2.3507587320637,1
"922","Peppy",51,198.3203125,141.6015625,4.16433648113161,1
"923","Angry",51,-223.61328125,96.484375,2.49846344091929,1
"924","Enthusiastic",51,248.41796875,176.0546875,2.71209836681373,1
"925","Annoyed",51,-162.1640625,-14.95703125,4.25048706796952,1
"926","Neutral",51,0.32421875,1.2734375,2.58079480589367,1
"927","Disgusted",51,-171.47265625,73.68359375,6.53361030691303,1
"928","Surprised",52,80.4296875,215.83203125,4.0932839019224,1
"929","Sleepy",52,-0.3125,-245.85546875,2.96415187302046,1
"930","Quiet",52,0.99609375,-2.91015625,4.10500651202165,1
"931","Still",52,-0.90234375,3.27734375,2.58052065898664,1
"932","Satisfied",52,198.46875,101.03125,2.49663560208865,1
"933","Nervous",52,-91.5,111.07421875,2.91914443089627,1
"934","Peppy",52,204.05859375,113.50390625,3.18121665506624,1
"935","Afraid",52,-227.109375,123.63671875,2.19081536796875,1
"936","Disgusted",52,-145.5234375,-104.73046875,1.62911705696024,1
"937","Neutral",52,-0.18359375,1.5703125,3.38848229497671,1
"938","Sad",52,-189.82421875,53.046875,2.53087409189902,1
"939","Happy",52,213.7734375,195.546875,2.60601269896142,1
"940","Annoyed",52,-153.72265625,-68.91796875,3.29248495888896,1
"941","Aroused",52,-20.734375,155.171875,1.47879977803677,1
"942","Disappointed",52,-150.4296875,-6.6953125,4.02329746680334,1
"943","Enthusiastic",52,171.7890625,209.234375,1.35297531611286,1
"944","Angry",52,-161.578125,193.96875,1.87523759901524,1
"945","Relaxed",52,176.08984375,10.5546875,1.46652029198594,1
"946","Sluggish",52,-93.1875,-10.640625,3.54847830114886,1
"947","Calm",52,58.66015625,2.74609375,2.73563598887995,1
"948","Calm",53,200.01171875,-199.5234375,4.29917847085744,1
"949","Sluggish",53,-225.6796875,-230.22265625,2.47319114510901,1
"950","Relaxed",53,244.0234375,-0.16015625,9.0512231560424,1
"951","Satisfied",53,246.49609375,57.60546875,4.75311838206835,1
"952","Afraid",53,-102.62890625,55.5390625,7.25762710021809,1
"953","Nervous",53,-70.57421875,122.19921875,6.90904061379842,1
"954","Angry",53,-227.6953125,229.390625,3.13593516708352,1
"955","Peppy",53,132.359375,56.0703125,8.38367436593398,1
"956","Quiet",53,-1.59765625,0.74609375,4.53149095806293,1
"957","Aroused",53,-0.21484375,242.6015625,8.57634428702295,1
"958","Disgusted",53,-199.06640625,114.72265625,5.73916041199118,1
"959","Surprised",53,2.3125,222.01171875,6.64659931999631,1
"960","Happy",53,249.46484375,99.234375,8.78100067493506,1
"961","Sleepy",53,1,-250,6.66560467611998,1
"962","Sad",53,-144.390625,-55.5234375,5.24962101993151,1
"963","Neutral",53,-0.55859375,0.03125,2.28497434197925,1
"964","Disappointed",53,-91.4296875,-49.57421875,5.97795882285573,1
"965","Still",53,-0.8125,-103.51171875,7.75253213988617,1
"966","Enthusiastic",53,185.64453125,219.25390625,6.85129554010928,1
"967","Annoyed",53,-71.19921875,93.07421875,5.5610822099261,1
"968","Quiet",54,193.0703125,6.7265625,2.56218136707321,1
"969","Happy",54,180.15625,135.71484375,1.89628060697578,1
"970","Calm",54,161.7890625,17.15234375,3.14370878320187,1
"971","Neutral",54,-5.6015625,5.71875,3.32293426198885,1
"972","Sleepy",54,45.015625,-111.40234375,2.34966776985675,1
"973","Afraid",54,-79.578125,103.046875,1.95971972402185,1
"974","Disappointed",54,-148.359375,3.13671875,3.05231794598512,1
"975","Still",54,-1.68359375,-0.50390625,2.88775985315442,1
"976","Nervous",54,-158.98828125,73.9765625,2.76708034798503,1
"977","Enthusiastic",54,174.62890625,97.5703125,3.32920661196113,1
"978","Peppy",54,108.7109375,54.859375,3.52964710909873,1
"979","Annoyed",54,-191.8046875,0.7578125,3.41625186405145,1
"980","Sad",54,-234.7578125,-28.46484375,3.10059336898848,1
"981","Sluggish",54,-155.05078125,-134.03515625,3.56729081994854,1
"982","Angry",54,-227.00390625,135.47265625,3.21402209089138,1
"983","Relaxed",54,194.3046875,-136.7109375,4.9919904191047,1
"984","Surprised",54,12.25,170.75,3.63761115586385,1
"985","Disgusted",54,-216.50390625,72.3828125,3.09802373615094,1
"986","Satisfied",54,173.56640625,-98.35546875,5.5836634139996,1
"987","Quiet",55,129.44921875,-237.71484375,3.08844733610749,1
"988","Annoyed",55,-172.75390625,170.83984375,3.39789182599634,1
"989","Calm",55,228.3359375,-250,3.27203866001219,1
"990","Enthusiastic",55,225.640625,223.45703125,4.63269365299493,1
"991","Satisfied",55,219.56640625,-241.96484375,5.79748919513077,1
"992","Disgusted",55,-188.34765625,103.1484375,3.5081487421412,1
"993","Peppy",55,39.5,235.72265625,4.74731983500533,1
"994","Aroused",55,179.703125,235.70703125,3.2984545470681,1
"995","Neutral",55,-0.52734375,0.0859375,1.76945821987465,1
"996","Happy",55,196.12109375,-0.3203125,4.54701891285367,1
"997","Surprised",55,1.8515625,244.25,4.1287555329036,1
"998","Sad",55,-219.421875,-0.9375,2.7525186589919,1
"999","Sluggish",55,-187.0703125,-226.3828125,3.55844031390734,1
"1000","Angry",55,-173.96875,149.3515625,2.90802092198282,1
"1001","Still",55,-0.0703125,-240.66796875,4.9865081589669,1
"1002","Afraid",55,-219.00390625,222.8671875,2.57960064196959,1
"1003","Nervous",55,-88.33203125,89.296875,5.14764842996374,1
"1004","Relaxed",55,221.109375,-232.75390625,5.87834120495245,1
"1005","Disappointed",55,-197.125,-227.1875,3.54775006906129,1
"1006","Sleepy",55,-0.11328125,-249.46484375,6.89927363302559,1
"1007","Still",56,15.3203125,-79.63671875,4.40412467019632,1
"1008","Afraid",56,-163.6953125,134.98046875,5.99254797119647,1
"1009","Enthusiastic",56,49.578125,168.8125,4.45518598891795,1
"1010","Disgusted",56,-195.6640625,153.703125,3.97452567191795,1
"1011","Neutral",56,-0.921875,-1.93359375,2.86424591625109,1
"1012","Quiet",56,34.8359375,-211.91796875,5.15687287179753,1
"1013","Disappointed",56,-166.14453125,26.78125,6.44808236230165,1
"1014","Nervous",56,-93.5703125,212.296875,4.41173600777984,1
"1015","Relaxed",56,94.32421875,-224.06640625,4.34827157808468,1
"1016","Satisfied",56,147.73046875,-225.5859375,5.09664538595825,1
"1017","Peppy",56,35.6484375,191.171875,6.99893485242501,1
"1018","Surprised",56,-0.96484375,226.51171875,5.85291071189567,1
"1019","Aroused",56,-1.0546875,250,3.46579176792875,1
"1020","Annoyed",56,-135.40625,1.76953125,7.94638833263889,1
"1021","Sluggish",56,0.28125,-225.359375,7.64401769731194,1
"1022","Angry",56,-112.78515625,205,5.12827912485227,1
"1023","Sad",56,-197.65234375,-97.90234375,7.91223956504837,1
"1024","Happy",56,156.515625,174.79296875,6.35729360207915,1
"1025","Sleepy",56,2.046875,-242.08984375,4.625463956967,1
"1026","Calm",56,98.55078125,-155.87890625,6.10239666327834,1
"1027","Enthusiastic",57,181.23828125,193.8203125,4.74154389183968,1
"1028","Calm",57,159.109375,-154.5078125,4.25205848598853,1
"1029","Disgusted",57,-178.86328125,192.703125,3.28484766790643,1
"1030","Sleepy",57,1.10546875,-79.0078125,7.11980096809566,1
"1031","Relaxed",57,63.90625,-60.3203125,7.43667484913021,1
"1032","Sluggish",57,-98.50390625,-78.375,5.97929117223248,1
"1033","Still",57,-0.48046875,17.921875,6.77289068698883,1
"1034","Annoyed",57,-96.9765625,67.18359375,3.9674755949527,1
"1035","Nervous",57,-133.828125,131.796875,2.50047774007544,1
"1036","Surprised",57,150.78515625,157.37109375,2.06400827737525,1
"1037","Angry",57,-152,168.671875,2.45300899399444,1
"1038","Satisfied",57,130.15234375,-133.82421875,3.22393767209724,1
"1039","Afraid",57,-163.5546875,173.0859375,3.53775128209963,1
"1040","Happy",57,154.1328125,176.80859375,2.88342757290229,1
"1041","Neutral",57,-0.875,-2.08984375,3.21303824288771,1
"1042","Disappointed",57,-127.453125,-116.56640625,3.27996626403183,1
"1043","Peppy",57,127.125,162.87109375,3.60263245832175,1
"1044","Aroused",57,154.61328125,170.625,3.58493637200445,1
"1045","Sad",57,-164.37109375,178.0546875,4.52255893917754,1
"1046","Disgusted",58,-202.8203125,159.20703125,4.83591379784048,1
"1047","Neutral",58,1.828125,0.68359375,8.22895981464535,1
"1048","Still",58,29.765625,-117.56640625,8.86401918483898,1
"1049","Sad",58,-128.40625,-63.796875,8.38508672500029,1
"1050","Quiet",58,1.53125,-112.16015625,7.96158943325281,1
"1051","Sleepy",58,-47.00390625,-244.69921875,5.97397810965776,1
"1052","Relaxed",58,9.0625,-59.6171875,6.83155147172511,1
"1053","Peppy",58,45.05078125,233.2734375,3.40454865805805,1
"1054","Aroused",58,25.5390625,234.25,7.39035160792992,1
"1055","Calm",58,67.5859375,-24.5,7.99712394690141,1
"1056","Disappointed",58,-178.73046875,-106.1875,8.93249903293326,1
"1057","Angry",58,-158.64453125,167.48828125,3.11830342607573,1
"1058","Surprised",58,46.30078125,229.33984375,7.39028644189239,1
"1059","Annoyed",58,-90.90234375,20.76171875,6.80094523681328,1
"1060","Sluggish",58,-40.671875,-204.25390625,5.32805111771449,1
"1061","Satisfied",58,116.421875,-40,5.24699583277106,1
"1062","Enthusiastic",58,192.796875,177.94140625,3.73177218297496,1
"1063","Nervous",58,-43.30859375,112.875,7.696802360937,1
"1064","Happy",58,179.5234375,112.3515625,3.81617667805403,1
"1065","Afraid",58,-220.97265625,209.14453125,5.21977969491854,1
"1066","Surprised",59,156.87109375,149.6875,5.50615619495511,1
"1067","Enthusiastic",59,138.53125,132.578125,4.88733974797651,1
"1068","Still",59,-1.63671875,0.0078125,3.50619585998356,1
"1069","Satisfied",59,148.484375,34.08203125,5.12423879140988,1
"1070","Afraid",59,-149.76171875,161.625,4.77346876217052,1
"1071","Annoyed",59,-187.421875,11.25390625,5.63079162640497,1
"1072","Aroused",59,77.078125,130.41015625,3.28069494199008,1
"1073","Quiet",59,-0.92578125,-94.78125,8.02126507693902,1
"1074","Neutral",59,0.12890625,0.75,2.05007666815072,1
"1075","Sleepy",59,-21.13671875,-236.109375,8.38381463522092,1
"1076","Peppy",59,135.2265625,166.12890625,3.34815775975585,1
"1077","Sad",59,-172.08203125,32.82421875,5.32915433403105,1
"1078","Sluggish",59,-143.375,-205.90234375,3.30659758485854,1
"1079","Calm",59,31.26171875,-16.3046875,4.35558631736785,1
"1080","Angry",59,-236.38671875,194.03125,4.30443143798038,1
"1081","Disgusted",59,-147.94921875,142.78125,4.46452027466148,1
"1082","Happy",59,250,76,4.83034301595762,1
"1083","Relaxed",59,130.1484375,1.7890625,4.51790198683739,1
"1084","Disappointed",59,-169.9375,41.00390625,5.71977055910975,1
"1085","Annoyed",6,-154.94921875,103.73046875,4.25356576900231,1
"1086","Sluggish",6,-148.40234375,-167.33984375,2.72545496100793,1
"1087","Afraid",6,-237.77734375,231.69921875,3.64100968802813,1
"1088","Relaxed",6,0.46875,0.3203125,3.74546980700688,1
"1089","Nervous",6,-227.62890625,75.90625,4.54903374204878,1
"1090","Enthusiastic",6,223.60546875,123.0078125,4.58618820999982,1
"1091","Peppy",6,165.984375,30.2890625,6.72633134399075,1
"1092","Satisfied",6,101.7890625,-93.2421875,2.23536231799517,1
"1093","Happy",6,141.67578125,-3.296875,4.18424374697497,1
"1094","Calm",6,37.515625,-176.01171875,4.15287871100008,1
"1095","Disgusted",6,-208.41796875,50.078125,3.18910480500199,1
"1096","Angry",6,-229.1875,225.4453125,2.87195738300215,1
"1097","Still",6,-2.140625,0.98828125,3.81792608404066,1
"1098","Neutral",6,-0.00390625,0.01171875,1.53314835199853,1
"1099","Disappointed",6,-209.30859375,-89.390625,5.5104546789662,1
"1100","Sleepy",6,-1.984375,-159.33203125,7.2252376859542,1
"1101","Sad",6,-243.71875,-241.23046875,3.49254639097489,1
"1102","Quiet",6,-0.140625,-133.8515625,4.85567710298346,1
"1103","Surprised",6,-1.16015625,195.26953125,7.14341708703432,1
"1104","Aroused",6,0.109375,248.4140625,3.56754078000085,1
"1105","Sleepy",60,-3.12890625,-214.66796875,5.50102113094181,1
"1106","Peppy",60,95.75,89.01171875,3.09863250423223,1
"1107","Satisfied",60,184.71484375,36.859375,7.32056402880698,1
"1108","Calm",60,78.91796875,-166.51171875,4.19448734726757,1
"1109","Aroused",60,1.8359375,250,2.37704991502687,1
"1110","Quiet",60,-39.46484375,-171.9375,3.4893270181492,1
"1111","Annoyed",60,-198.765625,113.93359375,4.00761026423424,1
"1112","Angry",60,-232.125,224.890625,2.43072016816586,1
"1113","Nervous",60,-75.63671875,12.171875,3.55884150601923,1
"1114","Disappointed",60,-96.69140625,33.62109375,4.92727006506175,1
"1115","Surprised",60,-4.04296875,136.75390625,4.21160922478884,1
"1116","Still",60,-0.73828125,-143.39453125,1.69825377175584,1
"1117","Disgusted",60,-68.33984375,60.58984375,5.1598573080264,1
"1118","Happy",60,84.21484375,49.1875,2.14650696609169,1
"1119","Enthusiastic",60,140.15234375,117.5234375,2.10844968864694,1
"1120","Sad",60,-98.9140625,-83.4453125,2.32011162210256,1
"1121","Relaxed",60,65,-100.71875,3.93056794768199,1
"1122","Neutral",60,-1.0546875,2.63671875,1.50445248326287,1
"1123","Sluggish",60,-110.01171875,-90.03515625,2.88847676478326,1
"1124","Afraid",60,-95.171875,119.02734375,2.47768506081775,1
"1125","Angry",61,-144.19921875,178.42578125,4.38724719919264,1
"1126","Afraid",61,-165.984375,93.44921875,4.45983643596992,1
"1127","Disappointed",61,-171.046875,-85.05078125,4.1262340019457,1
"1128","Surprised",61,-1.26171875,148.90234375,6.60951157612726,1
"1129","Sluggish",61,-89.18359375,-131.90234375,6.38912583794445,1
"1130","Disgusted",61,-51.546875,44.1484375,4.45599064417183,1
"1131","Annoyed",61,-121.296875,61.48046875,4.20648483280092,1
"1132","Aroused",61,-0.1328125,232.27734375,6.35037689004093,1
"1133","Quiet",61,-0.47265625,-169.76953125,5.03381126280874,1
"1134","Happy",61,172.79296875,208.671875,2.12142534833401,1
"1135","Nervous",61,-144.7421875,168.82421875,3.12301401700824,1
"1136","Still",61,-0.33984375,-148.82421875,5.02322249300778,1
"1137","Calm",61,89.078125,-49.0390625,4.52264289883897,1
"1138","Neutral",61,0,0,1.55361563619226,1
"1139","Sleepy",61,-0.3515625,-160.3203125,6.86085899779573,1
"1140","Enthusiastic",61,165.08203125,218.3515625,3.3396264561452,1
"1141","Relaxed",61,152.3515625,-193.921875,2.87030110415071,1
"1142","Satisfied",61,204.19140625,-109.859375,3.88347557606176,1
"1143","Sad",61,-154.22265625,-123.5625,1.77327269036323,1
"1144","Disappointed",62,-188.0078125,188.9296875,3.24951815605164,1
"1145","Aroused",62,3.2265625,224.07421875,4.34385395189747,1
"1146","Quiet",62,-1.48046875,2.5234375,2.89659291412681,1
"1147","Disgusted",62,-152.77734375,213.4375,3.33315525203943,1
"1148","Satisfied",62,172.87890625,197.6875,2.93064986914396,1
"1149","Sluggish",62,0.546875,-190.015625,4.00527396192774,1
"1150","Surprised",62,-0.50390625,128.2109375,3.53814470628276,1
"1151","Relaxed",62,235.43359375,-0.5390625,3.26915806764737,1
"1152","Enthusiastic",62,231.38671875,236.94921875,2.29708329681307,1
"1153","Happy",62,236.24609375,241.91796875,2.27923569269478,1
"1154","Neutral",62,0.5078125,-1.5078125,1.62435063626617,1
"1155","Calm",62,180.421875,0.31640625,2.44220684701577,1
"1156","Peppy",62,182.1953125,232.2421875,3.1656726677902,1
"1157","Sleepy",62,1.98046875,-248.9453125,1.9991125469096,1
"1158","Angry",62,-225.63671875,228.57421875,2.77150937914848,1
"1159","Nervous",62,-180.41015625,228.78515625,3.28631559805945,1
"1160","Still",62,-164.15625,-191.96875,3.07953351689503,1
"1161","Annoyed",62,-216.19921875,62.64453125,2.1814675219357,1
"1162","Sad",62,-229.2578125,-233.4296875,2.61093349009752,1
"1163","Afraid",62,-234.6484375,220.41796875,2.18357552913949,1
"1164","Annoyed",63,-154.75,126.5390625,3.43664810201153,1
"1165","Relaxed",63,175.26953125,-178.3125,2.3153247977607,1
"1166","Disappointed",63,-169.94140625,-139.30859375,2.29482157714665,1
"1167","Nervous",63,-168.44921875,125.74609375,2.22068464988843,1
"1168","Peppy",63,172.609375,90.65625,2.23480475507677,1
"1169","Afraid",63,-135.56640625,111.3046875,1.60528908809647,1
"1170","Happy",63,164.93359375,119.09765625,1.46575369918719,1
"1171","Sleepy",63,-1.0703125,-230.1171875,3.64822632586583,1
"1172","Enthusiastic",63,218.87890625,196.8671875,2.32385626994073,1
"1173","Sad",63,-184.1796875,-3.015625,4.57538303220645,1
"1174","Aroused",63,0.86328125,152.9453125,3.78545115794986,1
"1175","Calm",63,0.015625,-0.6015625,2.27929774904624,1
"1176","Surprised",63,0.734375,123.76953125,2.40084217488766,1
"1177","Sluggish",63,1.6640625,-140.05859375,2.22099507693201,1
"1178","Satisfied",63,159.421875,-3.2109375,3.76990122999996,1
"1179","Quiet",63,-0.70703125,-0.1796875,1.65617866953835,1
"1180","Angry",63,-160.015625,167.43359375,1.84275685669854,1
"1181","Neutral",63,1.77734375,-0.859375,1.47412265371531,1
"1182","Still",63,-1.4296875,-165.81640625,2.54876423627138,1
"1183","Disgusted",63,-208.953125,183.00390625,2.33014578465372,1
"1184","Relaxed",64,201.35546875,-223.26953125,2.94921566406265,1
"1185","Sluggish",64,-216.05078125,-235.74609375,3.45919136609882,1
"1186","Calm",64,93.53125,-42.31640625,4.31708388589323,1
"1187","Neutral",64,1.5703125,0,1.33050528820604,1
"1188","Annoyed",64,-58.76171875,60.078125,4.04196599079296,1
"1189","Disappointed",64,-183.0625,79.1015625,3.70848288293928,1
"1190","Quiet",64,173.625,-74.68359375,3.89721395773813,1
"1191","Peppy",64,-112.46484375,172.4609375,4.35079216212034,1
"1192","Aroused",64,1,250,4.26920135319233,1
"1193","Satisfied",64,184.03515625,143.8359375,5.1889182953164,1
"1194","Afraid",64,-189.64453125,200.46875,2.91283641615883,1
"1195","Happy",64,204.8359375,137.84765625,3.82099102111533,1
"1196","Disgusted",64,-182.02734375,198.96484375,3.66850477922708,1
"1197","Angry",64,-155.00390625,160.421875,4.1487132399343,1
"1198","Surprised",64,1.015625,248.984375,3.74606333579868,1
"1199","Still",64,132.45703125,-1.44140625,3.36923373490572,1
"1200","Nervous",64,-153.015625,-0.265625,5.51672907592729,1
"1201","Sad",64,-131.75,-110.69140625,5.65452431701124,1
"1202","Sleepy",64,0.76953125,-247.05859375,2.53465830301866,1
"1203","Enthusiastic",64,171.79296875,154.89453125,2.88607258303091,1
"1204","Angry",65,-146.46484375,161.90625,3.98792188894004,1
"1205","Enthusiastic",65,198.421875,187.48828125,1.62339043105021,1
"1206","Quiet",65,-1.2109375,-176.4375,3.81775097595528,1
"1207","Disappointed",65,-221.41015625,0.06640625,3.92618494806811,1
"1208","Disgusted",65,-194.28125,187.33203125,1.79448316665366,1
"1209","Surprised",65,192.24609375,207.15234375,1.48965050000697,1
"1210","Sleepy",65,-0.5,-233.6015625,2.48060055216774,1
"1211","Peppy",65,97.515625,175.85546875,3.21555912308395,1
"1212","Sad",65,-215.9296875,-69.27734375,3.15336797572672,1
"1213","Relaxed",65,66.6328125,-143.49609375,3.56112182326615,1
"1214","Calm",65,117.5234375,-147.4765625,4.27807125682011,1
"1215","Sluggish",65,-82.51953125,-132.6796875,2.49000042257831,1
"1216","Nervous",65,0.359375,138.16015625,4.07357277488336,1
"1217","Neutral",65,0.10546875,0.58203125,2.00349301612005,1
"1218","Still",65,-0.3515625,-101.3125,2.5557094598189,1
"1219","Aroused",65,99.69140625,182.0078125,2.28768230928108,1
"1220","Annoyed",65,-114.88671875,128.8359375,2.34079248737544,1
"1221","Afraid",65,-179.40234375,197.28125,4.21682162815705,1
"1222","Satisfied",65,139.23828125,1.6015625,3.68430269090459,1
"1223","Happy",65,148.23046875,54.0703125,1.5601769075729,1
"1224","Sleepy",66,5.8125,-190.125,5.87541867699474,1
"1225","Aroused",66,-0.51171875,174.40625,4.86493078386411,1
"1226","Enthusiastic",66,155.7734375,151.60546875,4.8028055941686,1
"1227","Sluggish",66,-83.6953125,-156.97265625,7.6317209918052,1
"1228","Neutral",66,-1.19921875,0.99609375,2.14431378711015,1
"1229","Happy",66,240.5234375,110.92578125,6.58941124705598,1
"1230","Disappointed",66,-184.11328125,70.953125,7.96059796027839,1
"1231","Nervous",66,-38.96875,206.1328125,5.84930827794597,1
"1232","Still",66,0.87890625,-96.5234375,5.89278749888763,1
"1233","Quiet",66,0.4375,-115.94140625,3.60242421505973,1
"1234","Surprised",66,-0.2734375,211.72265625,5.34778453689069,1
"1235","Disgusted",66,-168.4921875,85.4140625,8.26682014763355,1
"1236","Afraid",66,-203.1328125,177.98046875,4.41014283662662,1
"1237","Peppy",66,179.6171875,139.1015625,3.82263651397079,1
"1238","Annoyed",66,-216.70703125,199.51953125,3.60224160691723,1
"1239","Angry",66,-225.01171875,233.109375,5.53644405119121,1
"1240","Relaxed",66,140.51171875,-120.61328125,5.90106715681031,1
"1241","Calm",66,85.54296875,-115.4921875,3.73646431881934,1
"1242","Satisfied",66,210.98046875,54.21875,5.12884900299832,1
"1243","Satisfied",67,226.83203125,108.95703125,4.18563275923952,1
"1244","Sluggish",67,-32.48046875,-194.21875,4.88990710908547,1
"1245","Surprised",67,44.18359375,232.234375,4.62366990465671,1
"1246","Sad",67,-122.7734375,-111.828125,6.50439792918041,1
"1247","Peppy",67,216.48046875,73.3046875,6.13102305307984,1
"1248","Annoyed",67,-136.88671875,82.53515625,6.51476133009419,1
"1249","Relaxed",67,127.15625,-197.93359375,5.16244512982666,1
"1250","Neutral",67,0.828125,-0.51953125,2.00736512290314,1
"1251","Afraid",67,-214.09765625,194.859375,3.75070947734639,1
"1252","Happy",67,228.6796875,136.37109375,6.14474417222664,1
"1253","Nervous",67,-90.87890625,151.76171875,3.71787918079644,1
"1254","Quiet",67,-0.34375,-125.140625,4.33455016184598,1
"1255","Sleepy",67,51.3046875,-208.78125,3.54377343412489,1
"1256","Aroused",67,1.6953125,216.5234375,6.14389639301226,1
"1257","Angry",67,-238.328125,170.7578125,6.08894640393555,1
"1258","Disgusted",67,-130.6171875,66.109375,5.790933157783,1
"1259","Calm",67,142.8203125,-65.671875,5.32857069093734,1
"1260","Enthusiastic",67,72.25390625,157.09375,6.49928203318268,1
"1261","Disappointed",67,-169.49609375,1.52734375,6.5769861843437,1
"1262","Still",67,0,0,3.77510483982041,1
"1263","Sad",68,-250,-99,5.62767106294632,1
"1264","Sleepy",68,-58,-250,4.01891372771934,1
"1265","Afraid",68,-187,250,2.64207965973765,1
"1266","Quiet",68,137.5234375,-250,2.13952062977478,1
"1267","Aroused",68,125.5234375,250,1.42917851032689,1
"1268","Sluggish",68,-232.375,-226.85546875,3.7644170820713,1
"1269","Peppy",68,155.9375,223.8828125,1.77905720379204,1
"1270","Still",68,0.33203125,-245.66796875,4.25762141495943,1
"1271","Disappointed",68,-213.35546875,-200.23828125,4.05316477688029,1
"1272","Neutral",68,-0.1796875,-2.41796875,1.53705398319289,1
"1273","Annoyed",68,-223.78125,92.76953125,2.6109479428269,1
"1274","Satisfied",68,162.33984375,84.20703125,1.30646487418562,1
"1275","Disgusted",68,-169.51171875,95.90234375,3.54188356176019,1
"1276","Surprised",68,75.40234375,236.72265625,4.51374551374465,1
"1277","Enthusiastic",68,186.2890625,219.97265625,1.74741408322006,1
"1278","Calm",68,181.890625,-220.06640625,1.85239746095613,1
"1279","Happy",68,132.08984375,124.79296875,3.88676276709884,1
"1280","Angry",68,-199.05859375,240.26171875,2.83581230882555,1
"1281","Relaxed",68,172.46484375,-219.78515625,2.77990104304627,1
"1282","Nervous",68,-217.5859375,219.6328125,3.38037452008575,1
"1283","Nervous",69,-113.671875,145.4609375,4.61831582337618,1
"1284","Annoyed",69,-182.55078125,171.765625,3.31410919781774,1
"1285","Disgusted",69,-208.03125,183.6328125,2.81396146072075,1
"1286","Relaxed",69,202.41015625,-185.5078125,2.65811773622409,1
"1287","Calm",69,151.02734375,-161.38671875,2.65716284420341,1
"1288","Satisfied",69,203.36328125,-67.23046875,3.34161338070408,1
"1289","Aroused",69,183.59375,209.20703125,2.90860094223171,1
"1290","Angry",69,-185.80859375,193.08984375,3.39086437225342,1
"1291","Happy",69,196.8515625,138.7734375,2.96780939027667,1
"1292","Quiet",69,1.03515625,-200.83984375,3.17452042363584,1
"1293","Enthusiastic",69,138.171875,23.8203125,3.59885917510837,1
"1294","Neutral",69,-0.05078125,-1.671875,2.0146005298011,1
"1295","Peppy",69,122.39453125,96.06640625,2.12273193988949,1
"1296","Sad",69,-199.1484375,36.5625,3.18497586296871,1
"1297","Afraid",69,-191.5390625,188.1328125,2.19163952674717,1
"1298","Surprised",69,1.64453125,227.78125,3.99193498911336,1
"1299","Sleepy",69,-60.37109375,-213,3.60961695713922,1
"1300","Disappointed",69,-143.546875,-189.55859375,3.86889074696228,1
"1301","Still",69,-1.7109375,-77.2109375,3.9238515580073,1
"1302","Sluggish",69,-122.90625,-139.296875,2.81107693398371,1
"1303","Nervous",7,-123.8046875,87.046875,3.87598312797491,1
"1304","Peppy",7,-202.2890625,-37.04296875,5.08313614799408,1
"1305","Surprised",7,-18.828125,194.296875,6.24569448595867,1
"1306","Quiet",7,14.04296875,-18.296875,9.31413964403328,1
"1307","Enthusiastic",7,196.203125,211.78515625,2.43884299800266,1
"1308","Calm",7,196.453125,16.61328125,7.41983939200873,1
"1309","Aroused",7,-13.71484375,158.24609375,5.22390106000239,1
"1310","Annoyed",7,-192.765625,147.3671875,3.05864981003106,1
"1311","Disappointed",7,-230.15234375,29.77734375,6.67905996803893,1
"1312","Relaxed",7,216.6328125,38.015625,3.04245668300427,1
"1313","Sleepy",7,48.15234375,-236.51171875,4.85800202999962,1
"1314","Disgusted",7,-213.95703125,58.92578125,3.86435803497443,1
"1315","Afraid",7,-221.3671875,101.24609375,3.8793726110016,1
"1316","Still",7,34.0625,-19.94140625,6.47403005399974,1
"1317","Sad",7,-180.46484375,-103.5234375,2.66525628801901,1
"1318","Angry",7,-188.86328125,193.8671875,3.51411510701291,1
"1319","Satisfied",7,199.48046875,47.58984375,4.85827212996082,1
"1320","Sluggish",7,-29.21875,-161.01171875,5.37023957399651,1
"1321","Neutral",7,1.64453125,-1.2734375,5.42007395398105,1
"1322","Happy",7,232.12109375,19.4921875,5.66246348997811,1
"1323","Calm",70,186.33984375,-199.99609375,2.66298382700006,1
"1324","Quiet",70,-0.18359375,-236.76171875,2.607131192,1
"1325","Neutral",70,-0.5234375,-0.40625,1.66205938799999,1
"1326","Still",70,-0.52734375,-0.5234375,2.15719724000019,1
"1327","Enthusiastic",70,120.12890625,128.43359375,1.60102441799995,1
"1328","Aroused",70,14.83984375,162.30859375,3.01000727600012,1
"1329","Happy",70,191.203125,72.2265625,2.42453646100012,1
"1330","Peppy",70,96.4765625,178.03515625,2.86245466499986,1
"1331","Sleepy",70,88.046875,-225.77734375,2.82644364699991,1
"1332","Angry",70,-85.16796875,210.66015625,4.20017316899998,1
"1333","Surprised",70,74.9296875,211.09765625,2.70524219399999,1
"1334","Sluggish",70,-175.046875,-205.33203125,2.0597440219999,1
"1335","Annoyed",70,-54.625,154.51171875,4.20830238600001,1
"1336","Relaxed",70,97.19921875,-181.6640625,3.0680680370001,1
"1337","Afraid",70,-228.578125,198.90625,3.11378316700007,1
"1338","Nervous",70,-154.43359375,201.24609375,3.54221948700001,1
"1339","Sad",70,-135.890625,-179.28515625,2.05797059499992,1
"1340","Disgusted",70,-185.3203125,80.29296875,2.474073911,1
"1341","Satisfied",70,169.08203125,-29.2265625,2.309221901,1
"1342","Disappointed",70,-148.36328125,-40.5703125,3.95589028899985,1
"1343","Sluggish",71,-225.9375,-48.29296875,3.60454981000021,1
"1344","Neutral",71,-1.71484375,-1.95703125,3.01590860900069,1
"1345","Angry",71,-225.40234375,230.09375,3.79670572899977,1
"1346","Peppy",71,240.32421875,229.7734375,3.28201506299956,1
"1347","Calm",71,-5.21484375,8.9296875,1.96229116999984,1
"1348","Disappointed",71,-15.78125,-26.98828125,4.12821564700062,1
"1349","Aroused",71,-22.70703125,224.7890625,2.86748098599946,1
"1350","Happy",71,239.34375,229.296875,3.4040470459995,1
"1351","Nervous",71,-169.640625,221.48828125,3.41456475900031,1
"1352","Annoyed",71,-227.8125,232.6171875,2.70790485599991,1
"1353","Sleepy",71,-181.8125,-226.8671875,3.68332430200007,1
"1354","Sad",71,-216.57421875,-231.8203125,4.85311021299913,1
"1355","Enthusiastic",71,235.49609375,232.5,2.41696834900085,1
"1356","Afraid",71,-233.43359375,232.28515625,3.06261691199961,1
"1357","Still",71,0.40234375,0.85546875,2.84613570599959,1
"1358","Relaxed",71,-1.07421875,2.6796875,1.41473057500025,1
"1359","Surprised",71,228.31640625,219.015625,5.5513143850003,1
"1360","Disgusted",71,-236.640625,236.02734375,3.77713912899981,1
"1361","Satisfied",71,202.88671875,227.22265625,3.35205378499995,1
"1362","Quiet",71,207.8125,-211.04296875,4.06457176100048,1
"1363","Satisfied",72,233.078125,34.3359375,3.17819360000067,1
"1364","Aroused",72,0.3984375,241.97265625,3.71974975400008,1
"1365","Sad",72,-168.93359375,-87.9140625,3.10523646699949,1
"1366","Neutral",72,1.95703125,50.87890625,3.95160477899844,1
"1367","Angry",72,-77.62890625,219.82421875,2.53125847800038,1
"1368","Happy",72,176.14453125,134.4921875,2.87448089199825,1
"1369","Peppy",72,115.18359375,192.171875,3.99934291300087,1
"1370","Surprised",72,-39.83984375,238.92578125,3.18089941699873,1
"1371","Sleepy",72,43.9453125,-148.41796875,3.98986171900106,1
"1372","Disappointed",72,-149.22265625,-24.203125,2.80741651900098,1
"1373","Disgusted",72,-165.984375,217.58203125,3.14141571100117,1
"1374","Quiet",72,33.4375,-113.6484375,3.98051123199912,1
"1375","Afraid",72,-187.64453125,145.25,2.96828431600079,1
"1376","Enthusiastic",72,64.8203125,124.94921875,2.52061908799806,1
"1377","Annoyed",72,-139.87890625,30.05078125,4.26579703599782,1
"1378","Calm",72,181.41015625,-175.44921875,3.40225636299874,1
"1379","Sluggish",72,-135.32421875,-129.1484375,3.50708259399835,1
"1380","Still",72,215.24609375,-239.734375,4.78556139500142,1
"1381","Relaxed",72,198.23046875,-223.98828125,3.22902753100061,1
"1382","Nervous",72,-213.83984375,217.453125,1.94353531999877,1
"1383","Aroused",73,-2.40234375,132.39453125,5.34195304900641,1
"1384","Quiet",73,0.45703125,-137.62109375,5.40103745599481,1
"1385","Calm",73,0.6484375,-90.484375,3.33617861200037,1
"1386","Disappointed",73,-121.9921875,-0.734375,3.98990849900292,1
"1387","Sleepy",73,1.85546875,-216.30078125,3.45847232400411,1
"1388","Still",73,0.43359375,-181.8046875,6.59411092100345,1
"1389","Happy",73,106.44921875,53.74609375,5.51554685599694,1
"1390","Satisfied",73,40.0546875,1.34765625,4.68865737699525,1
"1391","Disgusted",73,-190.22265625,102.390625,4.14634885900159,1
"1392","Annoyed",73,-70.94921875,27.69921875,3.13019861600333,1
"1393","Sad",73,-85.8359375,-68.37109375,3.94133232600143,1
"1394","Sluggish",73,-63.33203125,-198.96484375,4.3085757450026,1
"1395","Enthusiastic",73,99.41796875,10.9921875,3.58165629400173,1
"1396","Relaxed",73,47.4765625,-138.8046875,4.51685688800353,1
"1397","Angry",73,-190.12109375,126.3984375,6.43956241800333,1
"1398","Afraid",73,-193.734375,100.390625,8.59087079700112,1
"1399","Surprised",73,2.484375,119.515625,4.50840411199897,1
"1400","Neutral",73,0,0,2.72472408199974,1
"1401","Peppy",73,53.88671875,81.53125,3.89080154099793,1
"1402","Nervous",73,-101.58203125,42.44140625,2.89169351399323,1
"1403","Quiet",74,19.3828125,-65.64453125,8.72084287400503,1
"1404","Sad",74,-168.89453125,-42.46875,8.44826608100266,1
"1405","Enthusiastic",74,218.875,227.796875,5.40763612999581,1
"1406","Annoyed",74,-218.75390625,112.83203125,7.44721608799591,1
"1407","Still",74,0.515625,-1.79296875,2.12394074499753,1
"1408","Afraid",74,-133.80078125,102.71875,4.80793981400348,1
"1409","Sluggish",74,-43.765625,-186.4296875,5.81641843300167,1
"1410","Peppy",74,63.1171875,188.96875,4.53290109499358,1
"1411","Neutral",74,0,0,1.47841566999705,1
"1412","Sleepy",74,0.03515625,-186.88671875,5.67875969699526,1
"1413","Relaxed",74,141.3125,-13.34375,4.47255965600198,1
"1414","Happy",74,247.8984375,89.98828125,4.20109164200403,1
"1415","Disgusted",74,-195.04296875,200.609375,6.32278900500387,1
"1416","Angry",74,-239.65234375,207.94921875,4.02360361000319,1
"1417","Disappointed",74,-181.6484375,32.94140625,5.42955030200392,1
"1418","Nervous",74,-30.23046875,192.41015625,5.87880696600041,1
"1419","Calm",74,40.60546875,-63.6640625,4.79147311500128,1
"1420","Surprised",74,3.73046875,142.56640625,6.26834306400269,1
"1421","Aroused",74,-1.0390625,243.9609375,4.71994901900325,1
"1422","Satisfied",74,164.05859375,-49.87109375,6.17081721800059,1
"1423","Satisfied",76,25.74609375,10.453125,1.12958060500387,1
"1424","Nervous",76,6.6875,6.390625,4.42354135400092,1
"1425","Disappointed",76,0,0,0.913700152006641,1
"1426","Still",76,0,0,0.533293296997726,1
"1427","Annoyed",76,-171.2109375,165.265625,7.46403828500479,1
"1428","Surprised",76,215.171875,178.19140625,2.38325685499876,1
"1429","Peppy",76,1.640625,-27.00390625,1.89063098000042,1
"1430","Aroused",76,131.8203125,220.1953125,4.77732908300095,1
"1431","Enthusiastic",76,215.66015625,226.37890625,3.72998453799664,1
"1432","Sluggish",76,-12.26171875,-240.140625,3.94926455600216,1
"1433","Neutral",76,-0.5,-2.20703125,3.19093453300593,1
"1434","Afraid",76,-222.0390625,231.3984375,4.20192514500377,1
"1435","Relaxed",76,233.74609375,-235.98828125,3.23802574400179,1
"1436","Angry",76,-238.6640625,244.70703125,3.2579429949983,1
"1437","Calm",76,25.91796875,-243.54296875,3.94786219399975,1
"1438","Quiet",76,2.68359375,-247.65234375,4.85127495900088,1
"1439","Sleepy",76,8.48046875,-245.4375,3.33033031800005,1
"1440","Happy",76,241.30859375,241.88671875,2.97094908599684,1
"1441","Sad",76,-124.52734375,-113.46484375,5.00071548399865,1
"1442","Disgusted",76,-161.19140625,224.65234375,2.83993959100189,1
"1443","Quiet",8,-3.30078125,-235.8359375,4.97883842501324,1
"1444","Sad",8,-199.01953125,89.57421875,5.47119988803752,1
"1445","Neutral",8,-2.109375,1.359375,3.71338246099185,1
"1446","Satisfied",8,69.2265625,-35.91796875,6.5776193329948,1
"1447","Relaxed",8,136.0625,-135.24609375,3.71300355897984,1
"1448","Disgusted",8,-153.5390625,151.7265625,3.92039555701194,1
"1449","Sluggish",8,-101.90234375,-207.98828125,4.56183936202433,1
"1450","Happy",8,134.10546875,137.671875,1.71691888698842,1
"1451","Annoyed",8,-176.703125,-43.140625,4.27352701197378,1
"1452","Afraid",8,-161.84375,212.38671875,2.73989462299505,1
"1453","Aroused",8,88.9453125,224.44140625,3.83923124300782,1
"1454","Disappointed",8,-190.5390625,-103.515625,3.5338531640009,1
"1455","Still",8,28.29296875,-210.2265625,5.34941196499858,1
"1456","Calm",8,87.234375,-175.9453125,3.41784981702222,1
"1457","Angry",8,-194.74609375,160.75,5.98509152198676,1
"1458","Sleepy",8,-1.78125,-228.44140625,4.14498855097918,1
"1459","Nervous",8,-74.828125,169.796875,2.50028064800426,1
"1460","Surprised",8,38.62890625,203.4296875,2.5651290040114,1
"1461","Enthusiastic",8,209.86328125,184.1328125,4.83945343398955,1
"1462","Peppy",8,46.9453125,217.71875,4.95441818598192,1
"1463","Happy",9,250,250,4.77787987701595,1
"1464","Neutral",9,1.51953125,-3.99609375,7.04804779798724,1
"1465","Annoyed",9,-250,250,6.28474678494968,1
"1466","Calm",9,250,1,4.16053692699643,1
"1467","Enthusiastic",9,250,250,3.47459606704069,1
"1468","Quiet",9,0.30078125,-0.5234375,5.87450283503858,1
"1469","Peppy",9,0,0,2.23448800598271,1
"1470","Afraid",9,-250,250,3.62310104700737,1
"1471","Surprised",9,1,250,5.48354036401724,1
"1472","Nervous",9,-250,250,3.9726413830067,1
"1473","Satisfied",9,250,-1,5.47470585000701,1
"1474","Relaxed",9,250,-250,3.72445438901195,1
"1475","Still",9,0.515625,0.01953125,4.93569871399086,1
"1476","Angry",9,-250,250,2.68416309199529,1
"1477","Sad",9,-250,-250,3.2468979510013,1
"1478","Sleepy",9,1,-250,4.2315504180151,1
"1479","Sluggish",9,-250,-250,3.72214795695618,1
"1480","Aroused",9,1.47265625,250,4.75533325196011,1
"1481","Disgusted",9,-250,250,3.10732167697279,1
"1482","Disappointed",9,-250,0,5.61358790402301,1
